STATE,YEAR_ST_CASE,ST_CASE,VE_TOTAL,PEDS,PERSONS,COUNTY,CITY,DAY,MONTH,YEAR,DAY_WEEK,HOUR,MINUTE,ROUTE,TWAY_ID,TWAY_ID2,LATITUDE,LONGITUD,HARM_EV,MAN_COLL,RELJCT2,TYP_INT,WRK_ZONE,REL_ROAD,LGT_COND,WEATHER,FATALS,DRUNK_DR
48,2013480352,480352,1,1,1,439,2450,13,2,2013,4,20,8,8,SS580 CAMP BOWIE BLVD,,32.724425,-97.4673,8,0,1,1,0,1,2,1,1,0
48,2013480353,480353,2,0,2,467,0,13,2,2013,4,22,12,3,SR-19,FM1861,32.36059444,-95.848,12,6,2,2,0,1,2,1,1,1
48,2013480354,480354,1,0,1,113,1730,14,2,2013,5,6,15,7,SS348,,32.86460278,-96.8997,5,0,1,1,0,1,3,1,1,0
48,2013480355,480355,1,1,1,135,5030,14,2,2013,5,20,27,2,US-385,ORCHARD ST,31.874825,-102.382,8,0,3,3,0,1,3,1,1,0
48,2013480356,480356,1,0,1,157,0,14,2,2013,5,14,15,8,FM2759,,29.53365,-95.673,42,0,1,1,0,4,1,1,1,0
48,2013480357,480357,2,0,6,157,0,14,2,2013,5,18,50,3,SR-99,HARLEM RD,29.65722778,-95.7148,12,6,2,2,0,1,3,1,1,0
48,2013480358,480358,2,0,3,201,0,14,2,2013,5,2,15,8,SL8 N SAM HOUSTON PKWY,BAMMEL N HOUSTON RD,29.93691389,-95.4979,12,6,2,2,0,1,3,1,2,0
48,2013480359,480359,1,1,1,201,0,14,2,2013,5,20,15,4,CR-ALDINE MAIL RD,,29.90224722,-95.3659,8,0,1,1,1,1,2,1,1,0
48,2013480360,480360,1,0,1,355,1550,14,2,2013,5,1,39,5,MORGAN AVE,,27.77800833,-97.4198,42,0,1,1,0,4,3,1,1,1
48,2013480361,480361,2,0,3,485,7490,14,2,2013,5,21,19,2,US-82,,33.89164444,-98.5087,12,2,1,1,0,1,2,1,2,1
48,2013480362,480362,2,0,2,505,7660,14,2,2013,5,16,10,2,US-83,PARK DR,26.86831111,-99.2546,12,9,2,2,0,1,1,1,1,1
48,2013480363,480363,2,0,5,29,0,15,2,2013,6,15,10,7,I-10,,29.48900556,-98.2195,12,2,1,1,0,1,1,1,1,0
48,2013480364,480364,1,1,2,61,940,15,2,2013,6,18,17,5,E JACKSON ST,,25.90292222,-97.4919,8,0,8,1,0,1,5,10,1,0
48,2013480365,480365,1,0,1,309,7210,1,2,2013,6,22,45,8,FM1637 N 18TH ST,,31.57446389,-97.1671,24,0,1,1,0,4,3,1,1,0
48,2013480366,480366,2,0,3,479,0,2,2,2013,7,16,55,1,I-35,,27.84491944,-99.4063,12,6,1,1,0,1,1,1,1,0
48,2013480367,480367,1,1,1,215,1970,3,2,2013,1,5,50,8,FM493,,26.17771667,-98.0415,8,0,1,1,0,1,2,98,1,0
48,2013480368,480368,1,0,2,305,0,3,2,2013,1,13,20,8,FM179,,32.96508333,-102.032,1,0,1,1,0,4,1,1,1,0
48,2013480369,480369,1,0,3,177,0,4,2,2013,2,12,12,4,CR-294,,29.31784722,-97.4021,5,0,1,1,0,1,1,1,1,0
48,2013480370,480370,2,0,3,389,0,4,2,2013,2,12,20,2,US-285,,31.92514444,-103.979,12,8,1,1,0,1,1,1,1,0
48,2013480371,480371,2,0,3,291,0,5,2,2013,3,9,29,8,FM 1960,,30.04623889,-94.9354,12,2,1,1,0,1,1,1,1,0
48,2013480372,480372,2,0,2,279,0,6,2,2013,4,10,56,2,US-84,FM 37,33.99779167,-102.425,12,6,2,2,0,1,1,1,1,0
48,2013480373,480373,2,0,2,329,0,6,2,2013,4,18,40,8,FM 1787,FM 1492,31.66656667,-102.208,12,6,2,3,0,1,5,1,1,0
48,2013480374,480374,2,0,4,209,0,8,2,2013,6,12,31,8,FM 1826,NUTTY BROWN RD,30.161725,-97.9529,12,6,2,2,0,1,1,1,1,0
48,2013480375,480375,3,0,3,297,0,11,2,2013,2,18,10,3,SR-72,,28.44730278,-98.3002,12,1,8,1,0,1,2,1,1,0
48,2013480376,480376,2,0,2,439,4965,11,2,2013,2,3,22,7,I-820,HOLIDAY LN,32.83894722,-97.2278,12,1,2,2,1,1,3,1,1,0
48,2013480377,480377,1,0,1,429,0,12,2,2013,3,10,33,8,FM 1287,,32.91381944,-98.5821,1,0,1,1,0,4,1,10,1,0
48,2013480378,480378,1,1,1,199,4172,14,2,2013,5,22,45,2,US-69,,30.24092778,-94.208,8,0,1,1,0,1,2,1,1,0
48,2013480379,480379,1,0,2,91,4870,15,2,2013,6,0,14,8,SL-46,CASTLEWOOD DR,29.72025,-98.15,59,0,1,1,0,4,2,1,2,1
48,2013480380,480380,2,0,3,201,3280,15,2,2013,6,6,28,5,BEECHNUT ST,BRAEBURN VALLEY,29.69096389,-95.5177,12,6,2,2,0,1,3,1,1,1
48,2013480381,480381,2,0,4,3,0,17,2,2013,1,18,9,3,SR-115,,32.32449722,-102.513,12,1,1,1,0,1,1,1,1,1
48,2013480382,480382,1,0,2,135,0,17,2,2013,1,15,28,4,CR-TRIPP AVE,,31.84486944,-102.48,30,0,1,1,0,4,1,1,1,1
48,2013480383,480383,2,0,3,157,5970,17,2,2013,1,3,35,8,FM 1640/AVENUE I,READING RD/LANE DR,29.55804444,-95.7733,12,6,2,2,0,1,3,1,1,2
48,2013480384,480384,1,0,1,167,2570,17,2,2013,1,0,11,8,FM 3005/SAN LUIS PASS RD,,29.19620278,-94.9548,43,0,1,1,0,4,2,1,1,1
48,2013480385,480385,2,0,3,201,3280,17,2,2013,1,2,45,1,I-10 EAST,,29.77646667,-95.2949,12,1,1,1,0,1,3,1,1,2
48,2013480387,480387,1,0,1,113,6685,19,2,2013,3,20,58,5,TRIPP RD,,32.79756111,-96.5941,42,0,1,1,0,4,3,10,1,1
48,2013480388,480388,1,0,2,329,0,19,2,2013,3,21,5,8,FM 1788,,31.90493056,-102.213,38,0,1,1,0,4,2,2,1,0
48,2013480389,480389,1,0,4,453,330,19,2,2013,3,14,56,5,RIATA VISTA CIR,,30.43071944,-97.7368,42,0,1,1,0,4,1,1,1,1
48,2013480390,480390,1,0,1,135,0,20,2,2013,4,23,50,4,CR-16TH ST,,31.8287,-102.489,1,0,1,1,0,4,2,1,1,1
48,2013480391,480391,1,1,1,141,2190,20,2,2013,4,20,32,5,S TIERRA ESTE DR,W TIERRA LIMPIA DR,31.79108056,-106.26,8,0,2,3,0,1,2,11,1,0
48,2013480392,480392,1,0,1,439,4965,20,2,2013,4,3,2,7,I-820,SR-26,32.83260278,-97.2157,46,0,3,2,1,4,3,2,1,0
48,2013480393,480393,1,0,3,61,0,21,2,2013,5,23,15,4,CR-N CENTRAL AVE,,25.96278056,-97.4442,53,0,1,1,0,4,2,1,1,1
48,2013480394,480394,1,0,2,453,330,21,2,2013,5,23,45,5,OLD MANCHACA RD,,30.17262222,-97.8309,42,0,1,1,0,4,3,1,1,0
48,2013480395,480395,2,0,2,61,6110,22,2,2013,6,6,20,8,FM732,,26.08172222,-97.633,12,8,1,1,0,1,6,5,1,1
48,2013480396,480396,2,0,2,323,2030,22,2,2013,6,18,26,8,FM3443 S VETERANS BLVD,BU77N N VETERANS BLVD,28.708925,-100.476,12,8,2,2,0,1,1,1,1,0
48,2013480397,480397,2,0,3,453,0,22,2,2013,6,6,55,7,SR-130,FM812,30.14000833,-97.6639,12,2,3,2,0,1,1,1,1,0
48,2013480398,480398,1,0,3,479,3899,22,2,2013,6,23,13,1,I-35,,27.82175556,-99.4134,57,0,1,1,0,3,3,1,1,0
48,2013480399,480399,2,0,2,483,0,22,2,2013,6,20,20,3,SR-152,CR-28,35.44451389,-100.051,12,6,2,4,0,1,2,1,1,0
48,2013480400,480400,1,1,1,85,1730,23,2,2013,7,2,14,5,COIT RD,,32.99136111,-96.768,8,0,1,1,0,1,3,1,1,0
48,2013480401,480401,1,0,1,113,1730,23,2,2013,7,17,47,1,I-30,I-30 RAMP,32.76550278,-96.8549,1,0,5,1,0,8,1,1,1,1
48,2013480402,480402,3,0,3,139,9997,23,2,2013,7,19,47,2,US-67,,32.44631389,-97.0735,12,1,1,1,0,1,2,1,1,1
48,2013480403,480403,1,0,1,201,3280,23,2,2013,7,21,11,3,SR-6,,29.73621111,-95.6441,33,0,1,1,0,3,3,1,1,0
48,2013480404,480404,1,0,1,359,0,23,2,2013,7,4,45,2,US-385,,35.58943056,-102.288,1,0,1,1,0,4,2,10,1,0
48,2013480405,480405,2,0,2,25,0,24,2,2013,1,7,30,2,US-181,,28.48735556,-97.7781,12,6,1,1,0,1,4,5,1,0
48,2013480406,480406,1,1,1,29,6090,25,2,2013,2,15,10,5,FRIO ST,COMMERCE ST,29.42608611,-98.5038,15,0,3,2,0,1,1,1,1,0
48,2013480407,480407,2,0,2,113,1730,25,2,2013,2,17,37,5,FOREST LN,GRISSOM LN,32.90919167,-96.8866,12,6,2,3,1,1,1,10,1,0
48,2013480408,480408,2,0,3,373,0,25,2,2013,2,10,14,2,US-190,,30.71904167,-94.7053,12,6,8,1,0,1,1,10,1,0
48,2013480409,480409,1,0,1,463,0,25,2,2013,2,11,53,3,SR-55,,29.47760278,-100.031,32,0,1,1,0,4,1,1,1,0
48,2013480410,480410,1,0,1,469,0,25,2,2013,2,12,40,3,SR-185,,28.72893889,-96.9543,1,0,1,1,0,3,1,6,1,0
48,2013480411,480411,2,0,2,165,0,27,2,2013,4,6,27,2,US-62,,32.726025,-102.902,12,1,1,1,0,1,6,1,1,0
48,2013480412,480412,3,0,6,297,0,27,2,2013,4,6,8,2,US-59,,28.34361667,-97.9254,12,2,1,1,0,1,4,1,1,0
48,2013480413,480413,1,0,2,361,7200,27,2,2013,4,1,51,1,I-10,,30.129325,-93.961,1,0,1,1,0,4,3,1,1,0
48,2013480414,480414,3,0,3,453,0,27,2,2013,4,20,3,8,FM 3177,,30.30811667,-97.617,12,6,8,1,0,1,2,1,1,0
48,2013480415,480415,3,0,3,85,4230,28,2,2013,5,12,46,3,SR-5 MCDONALD ST,TWIN KNOLL DR,33.23261944,-96.6116,12,1,8,1,0,1,1,1,1,0
48,2013480416,480416,2,0,4,285,0,28,2,2013,5,7,59,3,SR-95,,29.46676667,-97.1557,12,6,1,1,0,1,1,10,1,0
48,2013480417,480417,1,0,1,293,0,28,2,2013,5,8,7,2,US-84,,31.67316389,-96.5766,59,0,1,1,0,4,1,1,1,0
48,2013480418,480418,1,0,1,199,0,15,2,2013,6,4,25,2,US-69,,30.20651111,-94.1908,25,0,1,1,0,3,2,1,1,0
48,2013480419,480419,2,0,3,201,3280,15,2,2013,6,23,4,3,SR-60,,29.82983333,-95.6456,12,2,1,1,0,1,2,1,1,1
48,2013480420,480420,2,0,6,135,0,2,3,2013,7,18,33,8,FM 1936,DUNN ST,31.82907778,-102.44,12,6,2,3,0,1,5,1,1,0
48,2013480421,480421,1,0,1,309,0,2,3,2013,7,18,16,8,FM308 LEROY PKWY,,31.70282778,-97.0493,38,0,1,1,0,4,1,1,1,1
48,2013480422,480422,1,0,1,339,1510,2,3,2013,7,1,0,3,SR-75 S FRAZIER ST,,30.29085278,-95.4564,33,0,1,1,0,4,3,1,1,1
48,2013480423,480423,1,0,1,423,0,2,3,2013,7,9,40,1,I-20,,32.49294444,-95.5606,52,0,1,1,0,4,1,1,1,0
48,2013480424,480424,1,0,2,439,260,2,3,2013,7,22,57,1,I-20 RONALD REAGAN MEM HWY,,32.67581667,-97.1915,24,0,1,1,0,4,2,1,1,1
48,2013480425,480425,1,1,1,469,0,2,3,2013,7,3,30,2,US-87,,28.95039167,-97.1256,8,0,1,1,0,1,2,1,1,0
48,2013480426,480426,2,0,2,29,0,3,3,2013,1,2,20,2,US-90,,29.37523611,-98.7392,12,2,1,1,0,1,2,1,1,1
48,2013480427,480427,2,0,2,61,3030,3,3,2013,1,15,7,5,N GRANADA ST,W BARCELONA AVE,26.22458333,-97.7158,12,6,2,2,0,1,1,1,1,0
48,2013480428,480428,2,0,2,121,3960,3,3,2013,1,12,33,8,FM407,MCGEE LN,33.07145278,-97.027,12,7,3,2,0,1,1,1,1,0
48,2013480429,480429,2,0,5,163,0,3,3,2013,1,4,34,3,SR-85,,28.66120833,-99.2101,12,8,1,1,0,1,2,1,1,0
48,2013480430,480430,2,0,4,201,0,3,3,2013,1,3,30,2,US-290 HEMPSTEAD HWY,,30.04508889,-95.893,12,2,1,1,0,1,2,1,3,1
48,2013480431,480431,1,0,1,283,0,3,3,2013,1,1,45,8,FM624,,28.20155556,-98.9927,52,0,1,1,0,4,2,1,1,0
48,2013480432,480432,1,0,1,367,6555,3,3,2013,1,12,30,5,POJO RD,,32.97872778,-97.6965,1,0,1,1,0,3,1,10,1,0
48,2013480433,480433,1,0,1,439,2450,3,3,2013,1,2,5,5,RANDOL MILL RD,,32.78018056,-97.1835,42,0,1,1,0,4,2,1,1,1
48,2013480434,480434,2,0,3,481,0,3,3,2013,1,11,50,2,US-59,CR-357,29.155675,-96.3336,12,6,2,3,0,1,1,1,2,0
48,2013480435,480435,1,1,1,71,4666,4,3,2013,2,6,10,3,SR-146,,29.824425,-94.8984,8,0,8,1,0,11,2,1,1,0
48,2013480436,480436,1,0,1,229,0,4,3,2013,2,18,4,1,I-10,,31.07396667,-105.013,1,0,1,1,0,4,2,1,1,1
48,2013480437,480437,1,0,3,339,0,4,3,2013,2,1,36,4,CR-OLD HOUSTON RD,,30.23201667,-95.3016,32,0,1,1,0,4,2,1,1,1
48,2013480438,480438,1,0,1,453,330,4,3,2013,2,7,29,8,FM734 E PARMER LN,,30.35022222,-97.5878,1,0,1,1,0,1,1,1,1,0
48,2013480439,480439,2,0,5,463,0,4,3,2013,2,17,40,8,FM481,,29.11641389,-99.896,12,6,1,1,0,1,1,1,1,1
48,2013480440,480440,2,0,6,479,0,4,3,2013,2,5,30,2,US-59 LLOYD BENTSEN HWY,,27.64578889,-99.1815,12,8,1,1,0,1,2,1,1,0
48,2013480441,480441,1,0,1,141,2190,11,1,2013,6,0,34,5,YARBROUGH DR,,31.71599444,-106.365,33,0,1,1,0,3,3,1,1,1
48,2013480442,480442,3,0,5,123,0,12,1,2013,7,14,37,8,FM 237,,28.96383056,-97.4209,12,2,1,1,0,1,1,10,1,0
48,2013480443,480443,1,1,1,113,1730,6,2,2013,4,17,45,5,GREENPOINT ST,,32.80556944,-96.678,8,0,4,1,0,1,1,10,1,0
48,2013480444,480444,2,0,2,41,970,19,2,2013,3,9,47,8,FM 2818,SANDY POINT RD,30.682725,-96.4216,12,6,2,2,0,1,1,1,1,0
48,2013480445,480445,2,0,4,257,6830,23,2,2013,7,1,2,8,FM 986 ROCKWALL AVE,ALAMO ST,32.74399167,-96.2794,12,6,2,2,0,1,3,1,1,2
48,2013480446,480446,1,0,3,303,4140,23,2,2013,7,4,31,5,ERSKINE ST,,33.60685,-101.936,30,0,1,1,0,4,3,1,1,1
48,2013480447,480447,1,1,3,219,0,6,3,2013,4,16,0,8,FM 3261,,33.554125,-102.321,9,0,1,1,0,1,1,10,1,0
48,2013480448,480448,1,0,1,279,0,6,3,2013,4,6,48,2,US-84,,34.04431944,-102.499,1,0,1,1,0,4,4,1,1,1
48,2013480449,480449,1,0,2,409,0,6,3,2013,4,2,36,1,I-37,,28.04228056,-97.7542,32,0,1,1,0,3,2,1,1,0
48,2013480451,480451,5,0,7,29,6090,7,3,2013,5,21,13,2,US-281,,29.62425,-98.4635,5,0,1,1,0,1,2,10,1,0
48,2013480452,480452,2,0,2,37,0,7,3,2013,5,8,38,1,I-30,,33.47194167,-94.3061,12,1,1,1,1,1,1,1,1,0
48,2013480453,480453,2,0,3,37,0,7,3,2013,5,7,25,1,I-30,,33.47528889,-94.2608,12,1,1,1,0,1,1,1,1,0
48,2013480454,480454,1,0,1,67,0,7,3,2013,5,21,56,3,SR-77,,33.0334,-94.0515,30,0,1,1,0,4,2,1,1,1
48,2013480455,480455,1,0,1,201,3280,7,3,2013,5,1,55,5,W TIDWELL RD,,29.84643056,-95.4551,42,0,1,1,0,3,3,1,1,1
48,2013480456,480456,2,0,2,201,3280,7,3,2013,5,15,12,1,I-610,,29.81008889,-95.343,12,1,1,1,0,1,1,1,1,0
48,2013480457,480457,1,0,1,321,0,7,3,2013,5,5,7,8,FM2668,,28.84738611,-95.9831,1,0,1,1,0,4,2,1,1,0
48,2013480458,480458,2,0,3,363,0,7,3,2013,5,21,5,2,US-281,,32.63155556,-98.1072,12,8,1,1,0,1,2,1,1,0
48,2013480459,480459,2,0,5,27,6810,8,3,2013,6,19,4,8,FM1741 S 31ST ST,SLEEPY HOLLOW LN,31.05181111,-97.3861,12,6,2,3,0,1,2,10,2,0
48,2013480460,480460,1,0,1,29,6090,8,3,2013,6,0,31,2,US-281,,29.44160833,-98.4785,18,0,18,1,0,1,3,1,1,1
48,2013480461,480461,1,0,2,181,1830,8,3,2013,6,3,19,2,US-75,,33.76413889,-96.5854,1,0,1,1,0,3,2,1,1,0
48,2013480462,480462,1,0,1,317,0,8,3,2013,6,8,50,1,I-20,,32.13677222,-101.81,59,0,1,1,0,3,1,1,1,0
48,2013480463,480463,2,0,4,337,0,8,3,2013,6,5,26,8,FM455,,33.55913611,-97.626,12,8,1,1,0,1,2,1,1,0
48,2013480464,480464,1,1,1,201,3280,9,3,2013,7,1,5,1,I-10,,29.77114444,-95.2058,8,0,1,1,0,1,3,10,1,0
48,2013480465,480465,1,0,3,349,0,9,3,2013,7,21,45,8,FM1839,,32.09884722,-96.5418,11,0,1,1,0,1,2,1,1,0
48,2013480466,480466,2,0,5,389,0,9,3,2013,7,5,45,1,I-20,,31.42080556,-103.396,12,8,1,1,0,1,2,1,1,0
48,2013480467,480467,3,0,5,439,2450,9,3,2013,7,20,30,5,MCCART AVE,,32.66516667,-97.356,12,1,1,1,0,1,3,2,1,0
48,2013480468,480468,2,0,4,441,30,9,3,2013,7,12,30,1,I-20,US-83,32.48315556,-99.7656,12,6,5,1,0,1,1,2,1,0
48,2013480469,480469,2,0,2,451,6080,9,3,2013,7,19,31,8,SL378 CHRISTOVAL RD,,31.40587222,-100.43,1,0,8,1,0,1,3,10,1,1
48,2013480470,480470,2,2,4,29,6090,10,3,2013,1,0,18,5,ST MARYS ST,W TRAVIS ST,29.42753611,-98.4913,12,6,2,2,0,1,3,10,1,1
48,2013480471,480471,2,0,4,157,0,10,3,2013,1,0,12,4,CR-CINCO RANCH BLVD,,29.74374167,-95.7761,12,6,8,1,0,1,3,2,1,2
48,2013480473,480473,2,0,4,201,0,10,3,2013,1,3,20,4,CR-KRENEK RD,,29.89856389,-95.0393,12,1,8,1,0,1,2,10,1,1
48,2013480474,480474,2,0,2,201,3280,10,3,2013,1,20,14,5,TIDWELL RD,TRUMPET,29.85036111,-95.2554,12,6,2,3,0,1,3,1,1,0
48,2013480475,480475,2,0,6,319,0,10,3,2013,1,16,45,2,US-377,,30.76533056,-99.4046,12,6,1,1,0,1,1,1,1,0
48,2013480476,480476,2,0,6,341,0,10,3,2013,1,15,20,8,FM 1284,MORTON ELEVATOR RD,35.90825556,-101.874,12,6,2,2,0,1,1,1,5,0
48,2013480477,480477,2,0,3,339,0,10,3,2013,1,3,0,4,CR-BIRNHAM WOODS,,30.12653056,-95.3838,12,2,1,1,0,1,2,2,1,2
48,2013480478,480478,1,0,1,451,0,10,3,2013,1,15,30,8,RM 853,,31.44435833,-100.553,1,0,1,1,0,4,1,10,1,0
48,2013480479,480479,1,0,3,71,0,11,3,2013,2,19,15,5,SHAWNEE RD,OSAGE RD,29.78258889,-94.8784,5,0,2,3,0,1,1,1,1,0
48,2013480480,480480,1,1,1,113,1190,11,3,2013,2,14,48,7,I-35,,32.96393889,-96.9166,8,0,1,1,0,1,1,99,1,0
48,2013480481,480481,1,0,2,113,1730,11,3,2013,2,0,30,7,US-75/CENTRAL EXPY,BLACKBURN ST,32.80738333,-96.7937,46,0,3,2,0,3,3,1,1,1
48,2013480482,480482,2,0,4,113,2590,11,3,2013,2,21,28,3,SR-78/LAVON DR,ROSEWOOD HILLS DR,32.91917778,-96.6281,12,6,2,3,0,1,3,1,2,1
48,2013480483,480483,1,0,5,243,0,11,3,2013,2,13,25,3,SR-17,,30.65965556,-103.8,43,0,1,1,0,4,1,1,1,0
48,2013480484,480484,2,0,2,339,1510,11,3,2013,2,11,0,3,SR-75/FRAZIER ST,VELLEY DR,30.355925,-95.4733,12,6,2,3,0,1,1,1,1,0
48,2013480485,480485,1,1,1,439,260,11,3,2013,2,12,15,8,SS-303/PIONEER PKEY,,32.72505278,-97.1977,9,0,1,1,0,1,1,1,1,0
48,2013480486,480486,2,0,3,439,2450,11,3,2013,2,18,44,5,SYCAMORE SCHOOL RD,COLFAX LN,32.63517222,-97.3282,12,6,2,2,0,1,5,1,2,0
48,2013480487,480487,2,0,4,439,2450,11,3,2013,2,20,6,7,I-20/JIW WRIGHT FWY,WHITE SETTLEMENT,32.76079167,-97.479,12,6,2,2,0,1,3,1,2,0
48,2013480488,480488,1,0,1,439,3347,11,3,2013,2,4,25,5,MID-CITIES BLVD,,32.86473611,-97.1767,30,0,1,1,0,4,6,1,1,0
48,2013480489,480489,2,0,3,453,0,11,3,2013,2,13,10,8,FM973,,30.45635833,-97.4688,12,2,1,1,0,1,1,1,2,0
48,2013480490,480490,1,0,1,27,0,12,3,2013,3,10,45,4,CR-SUNSHINE RD,,30.8924,-97.3283,32,0,1,1,0,4,1,1,1,1
48,2013480491,480491,1,1,2,85,5390,12,3,2013,3,16,22,3,SR-289 PRESTON RD,LORIMAR DR,33.05041389,-96.7945,8,0,3,2,0,1,1,1,1,0
48,2013480492,480492,1,0,1,201,0,12,3,2013,3,2,20,4,CR-BARKER CYPRESS RD,,29.968425,-95.6733,33,0,1,1,0,3,2,1,1,1
48,2013480493,480493,1,0,1,201,3280,12,3,2013,3,21,40,5,N CESAR CHAVEZ BLVD,AVE W,29.752375,-95.302,33,0,3,3,0,4,3,1,1,1
48,2013480494,480494,1,0,1,347,0,12,3,2013,3,6,20,3,SR-7,,31.56348889,-94.7122,42,0,1,1,0,4,2,1,1,0
48,2013480495,480495,2,0,2,423,0,12,3,2013,3,0,2,1,I-20,,32.45717222,-95.3061,12,2,1,1,0,1,2,1,1,1
48,2013480496,480496,1,0,1,53,0,13,3,2013,4,7,45,8,FM2147,,30.54434444,-98.2335,1,0,1,1,0,1,1,1,1,0
48,2013480497,480497,1,1,7,197,0,13,3,2013,4,1,0,2,US-287,,34.36330556,-99.9879,11,0,1,1,0,1,2,10,1,0
48,2013480498,480498,1,0,1,309,0,13,3,2013,4,16,45,5,E SIMPSON RD,,31.56263056,-97.4416,10,0,6,1,0,1,1,1,1,0
48,2013480499,480499,1,0,1,419,0,13,3,2013,4,3,56,2,US-96,,31.91376111,-94.2255,53,0,1,1,0,4,2,1,1,1
48,2013480500,480500,1,1,3,453,330,13,3,2013,4,14,18,5,E CESAR CHAVEZ ST,CHICON ST,30.25715833,-97.7246,8,0,3,2,0,1,1,1,1,0
48,2013480501,480501,1,0,1,453,330,13,3,2013,4,6,6,7,SR-130,,30.20871667,-97.6216,1,0,1,1,0,4,2,1,1,1
48,2013480502,480502,2,0,4,469,7190,13,3,2013,4,15,42,7,SL-463/ZAC LENTZ PKWY,FM 1350/SALEM RD,28.86139444,-96.9799,12,6,2,2,1,1,1,10,1,0
48,2013480503,480503,1,0,1,473,0,13,3,2013,4,18,12,8,FM1736,,30.17826389,-96.1256,32,0,1,1,0,4,1,1,1,1
48,2013480504,480504,2,0,3,339,0,14,3,2013,5,18,45,8,FM1097,BIG HORN TRL,30.43678611,-95.4516,12,6,2,3,0,1,1,1,1,0
48,2013480505,480505,1,0,1,409,0,14,3,2013,5,23,10,1,I-37,,28.073425,-97.7922,1,0,1,1,0,4,2,1,1,0
48,2013480506,480506,1,0,1,441,30,14,3,2013,5,14,30,8,FM600/WEST LAKE ROAD,,32.50809722,-99.723,38,0,1,1,0,4,1,1,1,1
48,2013480507,480507,2,0,2,29,6090,15,3,2013,6,5,5,5,WETMORE,,29.53513056,-98.4525,12,2,1,1,0,1,2,1,1,1
48,2013480508,480508,3,0,4,113,1190,15,3,2013,6,7,55,5,PRESIDENT GEORGE BUSH TURNPIKE,,32.98306944,-96.9228,12,1,1,1,0,1,1,1,1,0
48,2013480509,480509,2,0,4,113,4530,15,3,2013,6,20,46,5,TOWNE CENTRE DR,GUS THOMASON,32.79880278,-96.6338,12,6,2,2,0,1,3,1,1,0
48,2013480510,480510,1,0,1,201,0,15,3,2013,6,23,51,4,CR-GRANT RD,,29.96664167,-95.5578,33,0,1,1,0,4,3,1,1,1
48,2013480511,480511,1,0,1,201,3280,15,3,2013,6,9,4,1,I-45 NORTH FWY RAMP,,29.94176944,-95.4147,25,0,5,1,0,8,1,1,1,0
48,2013480512,480512,1,0,2,203,0,15,3,2013,6,22,35,1,I-20,,32.492425,-94.3301,1,0,1,1,0,1,2,1,1,1
48,2013480513,480513,1,0,1,381,150,15,3,2013,6,18,36,5,OSAGE ST,,35.14964722,-101.813,38,0,1,1,0,4,1,1,1,0
48,2013480514,480514,1,0,4,463,0,15,3,2013,6,2,1,2,US-83,,29.49108333,-99.7352,38,0,1,1,0,4,2,1,2,1
48,2013480515,480515,2,0,2,465,0,15,3,2013,6,3,0,2,US-90,,29.46709167,-101.018,31,0,1,1,0,3,2,1,1,1
48,2013480516,480516,1,0,1,29,6090,16,3,2013,7,11,10,1,I-410,,29.47365556,-98.4054,33,0,19,1,0,8,1,1,1,0
48,2013480518,480518,3,0,10,73,0,16,3,2013,7,7,56,2,US-79,,31.97516944,-95.1742,12,6,1,1,0,1,1,1,4,0
48,2013480519,480519,2,0,2,121,7353,16,3,2013,7,14,36,3,SR-114,,32.99519444,-97.2003,1,0,1,1,1,1,1,1,1,0
48,2013480520,480520,1,0,1,141,2190,16,3,2013,7,20,55,1,I-54 PATRIOT FWY,,31.87664444,-106.441,1,0,1,1,0,10,3,1,1,0
48,2013480521,480521,1,0,1,141,2190,16,3,2013,7,0,23,1,I-10,,31.73688333,-106.322,1,0,1,1,0,2,3,1,1,0
48,2013480522,480522,2,0,4,167,6213,16,3,2013,7,7,56,8,FM 646,,29.39738611,-95.0921,12,1,1,1,0,1,1,1,1,0
48,2013480523,480523,1,0,1,187,6290,16,3,2013,7,1,43,2,US-90,FM 464,29.56918889,-98.0002,30,0,3,2,0,3,3,1,1,1
48,2013480524,480524,2,0,1,201,3280,16,3,2013,7,22,10,5,DORWAYNE CT,,29.76322778,-95.2198,31,0,1,1,0,4,3,1,1,1