STATE,YEAR_ST_CASE,ST_CASE,VE_TOTAL,PEDS,PERSONS,COUNTY,CITY,DAY,MONTH,YEAR,DAY_WEEK,HOUR,MINUTE,ROUTE,TWAY_ID,TWAY_ID2,LATITUDE,LONGITUD,HARM_EV,MAN_COLL,RELJCT2,TYP_INT,WRK_ZONE,REL_ROAD,LGT_COND,WEATHER,FATALS,DRUNK_DR
48,2013480525,480525,1,1,2,203,0,16,3,2013,7,21,11,1,I-20,,32.495075,-94.2654,8,0,1,1,0,1,2,1,1,0
48,2013480526,480526,2,0,3,331,0,16,3,2013,7,6,15,8,FM 485,,30.91459167,-96.9378,12,6,1,1,0,1,2,10,1,1
48,2013480527,480527,2,0,2,467,0,16,3,2013,7,10,20,8,FM 47,CR-3838,32.747175,-95.9873,12,6,2,3,0,1,1,1,1,0
48,2013480528,480528,1,1,2,5,0,17,3,2013,1,6,44,3,SR-103,,31.34805556,-94.6364,8,0,1,1,0,1,2,1,1,0
48,2013480529,480529,2,0,3,29,6090,17,3,2013,1,21,51,5,THOUSAND OAKS,GRAYSON WAY,29.58319444,-98.4482,12,2,1,1,0,1,3,1,1,1
48,2013480531,480531,1,0,1,135,0,17,3,2013,1,7,51,8,FM181,,31.97643333,-102.682,38,0,1,1,0,4,1,1,1,1
48,2013480532,480532,2,0,5,157,3280,17,3,2013,1,5,19,8,FM2234,CHIMNEY ROCK RD,29.58061667,-95.48,38,0,3,3,0,4,3,10,1,1
48,2013480533,480533,1,0,1,201,480,17,3,2013,1,18,58,5,MASSEY TOMPKINS RD,,29.76691111,-94.9274,53,0,1,1,0,4,1,1,1,0
48,2013480534,480534,1,1,1,231,7385,17,3,2013,1,0,10,3,SR-276,,32.90364722,-96.0231,8,0,1,1,0,1,2,1,1,0
48,2013480535,480535,2,0,3,315,0,17,3,2013,1,7,27,3,SR-49,,32.79465,-94.4305,12,2,1,1,0,1,4,10,2,0
48,2013480536,480536,3,0,4,453,330,17,3,2013,1,14,21,8,FM2222,,30.38754722,-97.8241,12,8,1,1,0,1,1,1,1,0
48,2013480537,480537,2,0,5,57,0,18,3,2013,2,13,45,3,SR-185,,28.58838056,-96.8383,12,6,1,1,0,1,1,1,3,0
48,2013480538,480538,1,1,1,29,6090,18,3,2013,2,0,35,5,PLEASANTON RD,WARE BLVD,29.34891667,-98.5038,8,0,2,3,0,1,3,1,1,0
48,2013480539,480539,2,0,2,203,0,18,3,2013,2,20,25,8,SL281,,32.46527222,-94.6683,12,2,1,1,0,1,2,10,2,1
48,2013480540,480540,1,0,1,381,150,18,3,2013,2,2,53,5,FULTON DR,,35.16702778,-101.893,33,0,1,1,0,4,9,1,1,1
48,2013480541,480541,2,0,2,157,0,19,3,2013,3,11,42,3,SR-36,,29.43423889,-95.8312,12,2,1,1,0,1,1,1,1,0
48,2013480542,480542,1,0,1,337,0,19,3,2013,3,20,56,8,FM1749,FM455,33.53439722,-97.5967,30,0,3,3,0,4,2,1,1,0
48,2013480543,480543,1,1,1,339,7500,19,3,2013,3,1,20,8,FM1097 E STEWART ST,,30.42849444,-95.471,8,0,1,1,0,1,2,1,1,0
48,2013480544,480544,1,0,1,85,0,20,3,2013,4,20,25,7,US-75,,33.24913611,-96.6192,59,0,5,1,0,4,2,1,1,0
48,2013480545,480545,2,0,3,113,1730,20,3,2013,4,1,57,1,I-20 LBJ FWY,,32.64936389,-96.7743,12,1,1,1,0,1,2,1,2,0
48,2013480546,480546,2,0,2,113,2590,20,3,2013,4,8,2,1,I-635 LBJ FWY,,32.850875,-96.6421,12,7,1,1,0,1,1,1,1,0
48,2013480547,480547,2,0,2,245,0,20,3,2013,4,7,0,8,SS93 W PORT ARTHUR RD,,30.00960556,-94.0765,12,1,8,1,0,1,2,2,1,0
48,2013480548,480548,2,0,2,329,0,20,3,2013,4,20,30,7,I-20,,32.05565833,-101.957,12,6,8,1,0,1,3,1,1,1
48,2013480549,480549,2,0,5,355,0,20,3,2013,4,15,40,2,US-77,FM2826,27.73987778,-97.7,12,1,3,2,0,1,1,10,1,0
48,2013480550,480550,2,0,4,95,0,21,3,2013,5,12,41,2,US-83,,31.24824444,-99.8452,12,6,1,1,0,1,1,1,3,0
48,2013480551,480551,2,0,3,135,0,21,3,2013,5,16,41,8,BI-20,,31.88577222,-102.288,59,0,1,1,0,4,1,1,1,0
48,2013480552,480552,1,0,1,439,4300,21,3,2013,5,2,9,5,BROAD ST,,32.56588611,-97.1244,42,0,1,1,0,3,3,1,1,0
48,2013480553,480553,2,0,2,459,0,21,3,2013,5,9,24,8,FM 2454,TOAD RD,32.83286389,-94.9852,12,2,1,1,0,1,1,1,1,0
48,2013480554,480554,1,0,1,499,4610,21,3,2013,5,10,57,8,FM 49,,32.6656,-95.4815,33,0,1,1,0,4,1,10,1,0
48,2013480555,480555,1,0,2,29,6090,22,3,2013,6,23,54,5,DIANE,,29.40450833,-98.398,43,0,1,1,0,4,3,10,1,0
48,2013480556,480556,2,0,3,277,0,22,3,2013,6,23,1,8,FM 197,,33.87110556,-95.5452,12,6,1,1,0,1,2,2,1,1
48,2013480557,480557,1,1,1,309,545,22,3,2013,6,14,14,7,I-35,,31.58884167,-97.1092,8,0,1,1,0,1,1,1,1,0
48,2013480558,480558,2,0,9,409,0,22,3,2013,6,17,3,2,US-181,SR-89,28.03647222,-97.4836,12,6,2,2,0,1,1,10,1,0
48,2013480559,480559,2,0,3,453,330,22,3,2013,6,22,45,5,PECAN BROOK DR,MANOR RD,30.31865556,-97.6614,12,6,2,3,0,1,3,1,1,1
48,2013480560,480560,2,0,7,41,1440,23,3,2013,7,21,51,8,FM 2818,,30.58639167,-96.3428,12,6,8,1,0,1,2,1,2,0
48,2013480561,480561,2,0,2,61,0,23,3,2013,7,3,40,8,FM732/NARCISO MARTINEZ HWY,CR-CALLE PALOMA,26.05395,-97.6576,12,6,2,3,0,1,2,1,1,1
48,2013480562,480562,1,0,1,113,1240,23,3,2013,7,1,51,7,US-67/J ELMER WEAVER FWY,,32.59628611,-96.9409,32,0,1,1,0,4,3,1,1,1
48,2013480563,480563,2,0,5,135,0,23,3,2013,7,0,20,2,US-385,CR-COTTONWOOD RD,31.9954,-102.421,12,6,2,2,0,1,2,1,1,1
48,2013480564,480564,2,0,2,165,0,23,3,2013,7,11,17,2,US-180,CR-G AVE,32.7112,-102.63,12,2,2,4,0,1,1,1,1,0
48,2013480565,480565,1,0,1,171,0,23,3,2013,7,0,31,8,RM 783,,30.19863056,-99.2145,38,0,1,1,0,4,2,1,1,0
48,2013480566,480566,1,0,1,201,3280,23,3,2013,7,8,0,2,US-290/NORTHWEST FWY,,29.86576667,-95.538,30,0,1,1,0,4,1,10,1,0
48,2013480567,480567,1,0,2,201,3280,23,3,2013,7,23,0,5,BINGLE RD,,29.8156,-95.5009,1,0,1,1,0,4,3,1,1,1
48,2013480568,480568,1,1,1,215,4197,23,3,2013,7,4,2,2,US-83,,26.19569722,-98.2055,8,0,1,1,0,1,2,10,1,0
48,2013480569,480569,1,0,5,249,0,23,3,2013,7,23,46,4,CR-440,,27.65065,-98.1329,1,0,1,1,0,4,2,1,2,0
48,2013480570,480570,2,0,5,339,0,23,3,2013,7,5,40,3,SR-105,,30.31638889,-95.1874,12,6,1,1,0,1,2,2,4,0
48,2013480571,480571,1,0,1,389,0,23,3,2013,7,13,15,1,I-20,,31.40048056,-103.526,24,0,1,1,0,4,1,1,1,0
48,2013480572,480572,1,1,1,453,330,23,3,2013,7,7,54,2,US-183,,30.19975,-97.6841,8,0,1,1,0,99,1,10,1,0
48,2013480573,480573,1,0,1,201,3280,24,3,2013,1,0,7,5,N CESAR CHAVEZ BLVD,AVE W,29.7524,-95.302,33,0,3,10,0,4,3,1,1,1
48,2013480574,480574,1,0,1,473,0,24,3,2013,1,14,40,8,FM362,,29.968175,-95.9516,32,0,1,1,0,4,1,1,1,0
48,2013480575,480575,1,0,1,29,6090,25,3,2013,2,3,42,1,I-410,,29.426975,-98.6497,59,0,1,1,0,4,3,1,1,1
48,2013480576,480576,1,0,2,29,6090,25,3,2013,2,14,40,8,SL1604,,29.60164444,-98.406,25,0,19,1,0,3,1,1,1,0
48,2013480577,480577,1,0,8,37,0,25,3,2013,2,6,40,1,I-30,,33.38726667,-94.5972,1,0,1,1,0,4,4,1,3,0
48,2013480578,480578,1,0,5,75,0,25,3,2013,2,0,30,2,US-287,,34.37088889,-100.014,1,0,1,1,0,4,2,1,1,0
48,2013480579,480579,2,0,4,113,1730,25,3,2013,2,4,59,8,SL12 S BUCKNER BLVD,CORDELL DR,32.75224722,-96.683,12,6,2,3,0,1,3,1,1,0
48,2013480580,480580,1,0,1,13,0,26,3,2013,3,2,53,3,SR-16,,28.997875,-98.5762,42,0,1,1,0,4,2,1,1,1
48,2013480581,480581,2,0,12,135,0,26,3,2013,3,7,10,8,SL338,CR-YUKON RD,31.923175,-102.348,12,6,2,2,0,1,4,1,3,0
48,2013480582,480582,4,0,4,29,6090,27,3,2013,4,14,55,1,I-10,,29.48490278,-98.5333,12,1,18,1,0,1,1,1,1,0
48,2013480583,480583,1,0,1,29,6293,29,3,2013,6,0,57,5,N. EVANS RD,,29.59758056,-98.3123,30,0,1,1,0,4,6,1,1,1
48,2013480584,480584,1,0,1,1,0,30,3,2013,7,18,45,8,FM 315,,32.02522778,-95.6122,1,0,1,1,0,4,1,1,1,0
48,2013480585,480585,1,0,3,255,0,30,3,2013,7,0,0,4,CR-179,CR-180,28.72903056,-97.9763,38,0,3,3,0,4,2,1,1,1
48,2013480586,480586,1,0,1,329,4560,30,3,2013,7,15,7,8,SL 250,,32.05216944,-102.05,33,0,1,1,0,4,1,1,1,1
48,2013480588,480588,2,0,4,407,0,30,3,2013,7,17,37,8,FM 2025,CR-HICKMAN CREEK DR,30.47090833,-95.132,12,1,3,3,0,1,1,1,1,0
48,2013480589,480589,1,0,2,439,2450,30,3,2013,7,2,23,8,FM 1187 RENDON CROWLEY,,32.57830278,-97.3123,32,0,1,1,0,4,2,3,1,1
48,2013480590,480590,2,0,1,451,6080,30,3,2013,7,19,21,5,ROCK BROOK DR,,31.41981111,-100.492,43,0,1,1,0,4,1,1,1,1
48,2013480592,480592,4,0,5,439,2450,31,3,2013,1,6,50,1,I-20 RONALD REAGAN MEMORIAL HW,,32.66436111,-97.2905,18,0,1,1,0,1,1,10,1,0
48,2013480593,480593,1,1,1,201,3280,1,3,2013,6,18,3,5,D AMICO ST,ROCHOW,29.75933889,-95.4004,8,0,2,2,0,1,5,1,1,0
48,2013480594,480594,1,0,4,113,1730,2,3,2013,7,2,55,7,US-175 C F HAWN FWY,,32.72088889,-96.6958,1,0,5,1,0,1,2,1,1,1
48,2013480595,480595,2,0,3,51,0,5,1,2013,7,20,39,8,FM60,,30.39080556,-96.5519,12,6,1,1,0,1,2,5,1,0
48,2013480596,480596,1,1,1,201,3280,2,2,2013,7,18,30,5,GESSNER DR,,29.816725,-95.5451,8,0,1,1,0,1,3,1,1,1
48,2013480597,480597,2,0,2,67,0,5,2,2013,3,7,12,3,SR-155,,32.8827,-94.6026,12,8,1,1,0,1,4,10,1,0
48,2013480598,480598,2,0,4,215,0,1,3,2013,6,21,15,8,FM1423 VAL VERDE RD,,26.20467778,-98.0827,12,7,1,1,0,1,2,1,1,0
48,2013480599,480599,1,0,1,379,0,2,3,2013,7,10,22,4,CR-1300,,32.80666111,-95.7988,1,0,1,1,0,1,1,1,1,0
48,2013480600,480600,2,0,2,135,0,5,3,2013,3,5,15,8,SL338,,31.93558611,-102.437,12,2,1,1,0,1,2,1,1,0
48,2013480601,480601,1,0,4,289,0,5,3,2013,3,22,10,1,I-45,,31.36978056,-96.0188,1,0,1,1,0,3,2,1,1,1
48,2013480602,480602,2,0,2,309,7210,5,3,2013,3,17,55,5,22ND ST,OLIVE AVE,31.57378889,-97.1731,12,6,2,2,0,1,1,1,1,0
48,2013480603,480603,1,0,1,329,0,5,3,2013,3,6,55,3,SR-158,,31.94833056,-101.916,38,0,1,1,0,4,2,1,1,1
48,2013480604,480604,1,0,1,479,0,5,3,2013,3,6,27,1,I-35,,27.996,-99.368,42,0,1,1,0,4,4,1,1,0
48,2013480605,480605,2,0,2,139,4570,6,3,2013,4,20,40,7,US-67,,32.46606944,-97.0306,12,1,1,1,0,1,2,1,1,0
48,2013480606,480606,2,0,2,47,2290,6,3,2013,4,22,50,2,US-281,SR-285/RICE ST,27.22632222,-98.1412,12,6,2,2,1,1,3,1,1,0
48,2013480607,480607,1,1,1,39,5249,9,3,2013,7,3,15,8,FM 518/BROADWAY ST,MORENCI,29.55929444,-95.3225,8,0,2,2,0,1,2,10,1,1
48,2013480608,480608,2,0,2,439,3840,9,3,2013,7,6,40,3,SR-199/LAKE WORTH BLVD,,32.81057778,-97.4288,12,2,1,1,0,1,4,2,1,1
48,2013480609,480609,2,0,2,111,0,11,3,2013,2,9,26,8,FM3489/MACKEY LN,FM1727,36.07953056,-102.585,12,6,2,2,0,1,1,1,1,0
48,2013480610,480610,2,0,3,215,0,12,3,2013,3,16,25,4,CR-MILE 6 RD,CR-SAN VICENTE,26.25396944,-98.0086,12,6,3,3,0,1,1,1,1,0
48,2013480611,480611,1,0,3,439,2450,12,3,2013,3,22,15,5,CLEBURNE RD,,32.61371389,-97.3885,30,0,1,1,0,4,3,1,1,1
48,2013480612,480612,1,0,1,27,3690,13,3,2013,4,19,40,5,WEST LN,,31.10287778,-97.7534,1,0,1,1,0,1,2,1,1,0
48,2013480613,480613,1,0,1,41,970,13,3,2013,4,7,34,3,SR-6,,30.72006389,-96.415,1,0,19,1,0,4,1,1,1,0
48,2013480614,480614,1,0,2,29,6090,14,3,2013,5,3,33,1,I-35,,29.29913056,-98.6297,52,0,1,1,0,3,2,1,1,1
48,2013480615,480615,2,0,4,61,0,15,3,2013,6,18,15,8,PR-100,,26.16721111,-97.1743,12,6,1,1,0,1,1,1,1,1
48,2013480616,480616,3,0,7,439,3840,15,3,2013,6,20,47,8,FM 1220,,32.81845556,-97.42,12,6,1,1,0,1,3,1,1,0
48,2013480617,480617,2,2,8,29,6090,16,3,2013,7,22,30,5,COMMERCE,,29.42011111,-98.4715,8,0,1,1,0,1,3,1,2,0
48,2013480618,480618,2,0,1,201,0,16,3,2013,7,14,53,4,CR-WIND FREE DR,WIND FOREST DR,29.89347778,-95.5459,33,0,3,10,0,3,1,10,1,0
48,2013480619,480619,2,0,3,429,0,16,3,2013,7,14,30,8,FM 207,,32.67909722,-98.7981,1,0,1,1,0,4,1,1,1,1
48,2013480620,480620,4,0,7,439,2850,16,3,2013,7,20,28,3,SR-114,,32.93021944,-97.0475,12,1,1,1,0,1,2,1,1,0
48,2013480621,480621,4,0,6,201,0,19,3,2013,3,10,17,7,US-90 CROSBY FWY,UVALDE,29.82893333,-95.1826,12,6,2,2,0,1,1,1,1,0
48,2013480622,480622,2,0,3,201,3280,21,3,2013,5,5,35,5,HEMPSTEAD,WEST BY NORTHWEST BLVD,29.85561111,-95.5357,12,1,2,3,0,1,2,1,1,0
48,2013480623,480623,1,0,3,285,0,21,3,2013,5,7,28,8,UA90,,29.45405278,-96.8723,32,0,1,1,0,4,4,1,2,0
48,2013480624,480624,1,0,1,21,0,22,3,2013,6,23,45,8,FM3000,,30.36165556,-97.3278,42,0,1,1,0,4,2,1,1,1
48,2013480625,480625,1,1,1,273,3700,22,3,2013,6,20,9,3,SR-141 E KING AVE,,27.51562778,-97.8591,8,0,1,1,0,1,5,1,1,0
48,2013480626,480626,2,0,3,329,4560,22,3,2013,6,22,10,5,S MIDKIFF RD,,31.96607222,-102.108,24,0,19,1,0,4,2,6,1,1
48,2013480627,480627,2,0,7,339,0,22,3,2013,6,22,26,4,CR-WALNUT CREEK LN,,30.11893889,-95.7273,12,2,1,1,0,1,6,1,1,1
48,2013480628,480628,3,0,5,37,0,23,3,2013,7,17,58,3,SR-8 N MCCOY BLVD,,33.48964722,-94.408,12,6,1,1,0,1,1,2,2,0
48,2013480629,480629,1,0,1,41,970,23,3,2013,7,8,17,8,FM1179,,30.63848333,-96.3607,42,0,1,1,0,4,1,2,1,0
48,2013480630,480630,1,0,1,85,4230,23,3,2013,7,16,48,5,MCKINNEY RANCH PKWY,,33.15883889,-96.6548,1,0,1,1,0,4,1,10,1,0
48,2013480631,480631,2,0,2,187,6290,23,3,2013,7,9,12,1,I-10,,29.57828611,-98.0014,57,0,1,1,0,3,1,10,1,0
48,2013480632,480632,2,0,3,201,0,23,3,2013,7,3,51,3,SR-249,,29.91070556,-95.4793,12,6,8,1,0,1,3,10,1,1
48,2013480633,480633,1,0,2,203,4080,23,3,2013,7,20,11,2,US-80,,32.50348889,-94.6826,32,0,1,1,0,3,2,2,1,1
48,2013480634,480634,1,0,1,215,0,23,3,2013,7,0,23,4,CR-BRIDGE AVE MILE4 1/2 RD,,26.13087778,-97.982,30,0,1,1,0,4,2,1,1,0
48,2013480635,480635,2,0,4,135,0,24,3,2013,1,10,45,1,I-20,,31.81646667,-102.391,12,2,1,1,0,1,1,1,2,0
48,2013480636,480636,1,1,1,113,1730,25,3,2013,2,0,30,1,I-30,,32.79785,-96.6839,8,0,1,1,0,1,3,1,1,0
48,2013480637,480637,3,1,2,367,5705,25,3,2013,2,6,25,3,SR-199,,32.925825,-97.6103,12,6,1,1,0,1,2,1,1,0
48,2013480638,480638,1,0,1,437,0,25,3,2013,2,7,37,1,I-27,,34.51894444,-101.795,59,0,1,1,0,3,2,1,1,0
48,2013480639,480639,1,0,2,157,6660,26,3,2013,3,13,34,5,AUSTIN PKWY,,29.58065278,-95.6121,30,0,1,1,0,3,1,1,2,0
48,2013480640,480640,1,0,1,199,4172,26,3,2013,3,23,38,2,US-69,,30.26446389,-94.2218,58,0,1,1,0,4,2,1,1,1
48,2013480641,480641,1,0,2,203,0,27,3,2013,4,19,42,8,FM2625,,32.42975,-94.4437,1,0,1,1,0,4,5,1,1,1
48,2013480642,480642,2,0,5,339,0,27,3,2013,4,17,35,3,SR-242,CR-KROPIK RD,30.21958056,-95.2458,12,2,2,2,0,1,1,1,1,1
48,2013480643,480643,2,0,3,1,5170,28,3,2013,5,21,24,2,US-79/OAK ST,,31.73208333,-95.6739,12,8,1,1,0,1,3,1,1,0
48,2013480644,480644,2,0,3,233,780,28,3,2013,5,21,10,3,SR-136/CEDAR,BULLDOG BLVD,35.66291944,-101.399,12,6,2,3,0,1,3,1,1,0
48,2013480645,480645,2,0,4,419,0,28,3,2013,5,14,42,3,SR-7,,31.87413333,-94.1046,12,6,8,1,0,1,1,1,1,0
48,2013480646,480646,3,0,9,491,6780,28,3,2013,5,20,24,2,US-79/SECOND ST,,30.560475,-97.4571,12,6,8,1,0,1,2,1,2,0
48,2013480647,480647,1,0,1,3,0,29,3,2013,6,15,57,8,FM1788,,32.19148056,-102.357,1,0,1,1,0,4,1,1,1,0
48,2013480648,480648,2,0,4,5,0,29,3,2013,6,18,57,2,US-69,,31.42085,-94.8053,12,6,8,1,0,1,1,1,1,0
48,2013480649,480649,2,0,3,29,6090,29,3,2013,6,13,5,8,SL-353,,29.33032778,-98.5927,12,6,8,1,0,1,1,10,1,0
48,2013480650,480650,3,0,4,201,0,29,3,2013,6,21,11,7,I-10,MASON RD,29.78563611,-95.7515,12,6,2,2,0,1,3,10,1,0
48,2013480651,480651,1,1,1,201,9997,29,3,2013,6,22,51,8,FM528,,29.52440278,-95.1423,8,0,1,1,0,1,2,2,1,0
48,2013480652,480652,1,1,1,215,4197,29,3,2013,6,9,33,5,TRENTON AVE HEB PARKING LOT,,26.26681944,-98.218,8,0,1,1,0,1,1,1,1,0
48,2013480653,480653,1,0,1,369,0,29,3,2013,6,12,17,2,US-60,,34.544075,-102.858,30,0,1,1,0,4,1,1,1,0
48,2013480654,480654,2,1,1,389,0,29,3,2013,6,5,10,1,I-20,,31.3063,-103.8,12,6,1,1,0,1,2,1,1,0
48,2013480655,480655,1,1,2,405,0,29,3,2013,6,20,3,3,SR-147,,31.22162222,-94.3263,8,0,1,1,0,1,2,1,1,0
48,2013480656,480656,2,0,3,9,0,30,3,2013,7,14,43,3,SR-25,FM368,33.68683056,-98.745,12,6,2,2,0,1,1,1,1,1
48,2013480657,480657,1,0,1,39,0,30,3,2013,7,17,55,4,CR-748,,29.3885,-95.487,1,0,1,1,0,1,1,1,1,1
48,2013480658,480658,1,0,2,157,6660,30,3,2013,7,4,29,8,FM2759 CRABB RIVER RD,,29.55642778,-95.693,33,0,1,1,0,4,2,10,2,1
48,2013480659,480659,1,0,1,339,0,30,3,2013,7,16,10,8,FM149,,30.42962778,-95.6928,1,0,1,1,0,4,1,1,1,0
48,2013480660,480660,1,0,1,355,0,30,3,2013,7,5,41,3,SR-44,,27.78338889,-97.6062,1,0,1,1,0,3,2,10,1,1
48,2013480661,480661,1,0,2,439,260,30,3,2013,7,2,42,5,GREAT SOUTHWEST PKWY,ABRAM ST,32.73773333,-97.046,46,0,3,2,0,4,3,2,1,1
48,2013480662,480662,1,1,1,439,4300,30,3,2013,7,2,34,8,FM 1187,,32.58761111,-97.1687,8,0,1,1,0,1,2,2,1,1
48,2013480663,480663,1,0,1,39,0,31,3,2013,1,21,57,4,CR-45,,29.24607778,-95.4022,11,0,1,1,0,1,2,1,1,1
48,2013480664,480664,2,0,2,39,130,31,3,2013,1,18,28,3,SR-35,FM 2403,29.38991389,-95.252,12,6,3,2,0,1,3,2,1,0
48,2013480665,480665,1,0,1,91,4870,31,3,2013,1,3,43,5,BS-46C SEGUIN AVE,,29.70178611,-98.1257,30,0,1,1,0,4,3,1,1,0
48,2013480666,480666,1,0,1,131,0,31,3,2013,1,8,16,8,FM 1329,,27.42214167,-98.2648,1,0,1,1,0,4,2,1,1,0
48,2013480667,480667,1,0,1,469,0,31,3,2013,1,18,17,4,CR-REIMANN RD,,28.79093889,-97.0642,1,0,1,1,0,4,1,1,1,1
48,2013480668,480668,2,0,4,491,2620,31,3,2013,1,15,13,5,WILLIAMS DRIVE,DELL WEBB BLVD,30.69976667,-97.7395,12,6,2,3,0,1,1,2,2,0
48,2013480669,480669,1,1,1,29,6090,1,4,2013,2,23,9,8,SL 13 MILITARY DR,,29.35661944,-98.5336,8,0,1,1,0,1,3,1,1,0
48,2013480670,480670,2,0,3,61,940,1,4,2013,2,12,47,2,US-77,,25.95154444,-97.5048,12,1,5,1,0,1,1,10,1,0
48,2013480671,480671,3,0,5,91,0,1,4,2013,2,15,40,8,FM306,,29.8939,-98.2106,12,8,1,1,0,1,1,1,1,1
48,2013480672,480672,3,0,4,339,1510,1,4,2013,2,9,15,7,I-45,CRIGHTON RD,30.26549722,-95.4573,12,1,3,3,0,1,1,10,1,0
48,2013480673,480673,2,0,2,395,0,1,4,2013,2,4,35,3,SR-14,SR-6,31.11467222,-96.7121,12,6,2,3,0,1,2,10,1,0
48,2013480674,480674,1,1,3,89,0,2,4,2013,3,15,32,8,UA90,,29.58948056,-96.393,8,0,1,1,0,1,1,10,1,0
48,2013480675,480675,2,1,3,141,2190,2,4,2013,3,20,29,8,BU54A DYER ST,E SUNVALLEY DR,31.91014722,-106.401,8,0,2,2,0,1,3,1,1,0
48,2013480676,480676,1,0,1,205,0,2,4,2013,3,6,0,8,FM281,,36.03703611,-102.393,1,0,1,1,0,4,3,2,1,0
48,2013480677,480677,4,0,5,255,0,2,4,2013,3,9,31,2,US-181,,28.95898056,-97.9925,12,2,1,1,0,1,1,10,1,0
48,2013480678,480678,1,1,2,303,4140,2,4,2013,3,21,21,5,50TH ST,,33.548775,-101.858,8,0,1,1,0,1,3,10,1,0
48,2013480679,480679,3,1,2,341,0,2,4,2013,3,5,56,7,US-87,,35.86562222,-101.983,23,0,1,1,0,4,3,3,1,0
48,2013480680,480680,1,1,1,401,0,2,4,2013,3,10,20,2,US-259,,32.33507778,-94.8686,8,0,1,1,0,1,1,1,1,0
48,2013480681,480681,2,0,2,453,330,2,4,2013,3,11,38,8,FM3177/DECKER LN,,30.29387222,-97.6263,12,6,1,1,0,1,1,10,1,0
48,2013480682,480682,1,1,1,201,0,3,4,2013,4,21,25,4,CR-ALDERSON,,29.78805556,-95.1761,8,0,1,1,0,1,3,2,1,0
48,2013480683,480683,1,1,1,209,6170,3,4,2013,4,1,33,1,I-35,,29.87805278,-97.9275,8,0,1,1,0,1,3,2,1,0
48,2013480684,480684,1,0,1,215,4650,3,4,2013,4,16,30,2,US-83,,26.19662222,-98.2949,1,0,1,1,0,4,1,1,1,0
48,2013480685,480685,1,0,2,375,0,3,4,2013,4,6,50,1,I-40,,35.2073,-101.652,24,0,1,1,0,3,2,2,1,0
48,2013480686,480686,1,1,1,113,1190,4,4,2013,5,21,50,5,BELTLINE RD,,32.953825,-96.9063,8,0,1,1,0,1,3,10,1,1
48,2013480687,480687,2,1,2,113,6001,4,4,2013,5,6,38,3,SR-66/LAKEVIEW,,32.90906111,-96.5899,9,0,1,1,0,1,2,10,1,0
48,2013480688,480688,3,0,5,135,0,4,4,2013,5,2,10,1,I-20,,31.73671944,-102.593,12,2,1,1,0,1,2,1,1,1
48,2013480689,480689,1,0,2,157,0,4,4,2013,5,23,0,8,FM2759,,29.53261944,-95.6647,11,0,1,1,0,1,2,1,1,1
48,2013480690,480690,1,1,3,201,0,4,4,2013,5,6,34,4,CR-GULF BANK RD,,29.88941389,-95.3835,8,0,1,1,0,1,2,1,1,0
48,2013480691,480691,1,0,3,303,0,4,4,2013,5,18,9,8,FM 400,,33.53225,-101.657,1,0,1,1,0,4,1,1,2,0
48,2013480692,480692,2,0,2,329,4560,4,4,2013,5,12,21,5,LONGVIEW AVE,,31.97570833,-102.071,12,6,8,1,0,1,1,1,1,0
48,2013480693,480693,2,0,2,439,260,4,4,2013,5,21,0,3,SR-360 WATSON RD,SP 303 PIONEER PKWY,32.71222778,-97.0624,24,0,3,2,0,4,3,1,1,1
48,2013480694,480694,1,0,1,41,1440,5,4,2013,6,11,39,8,FM 2154 WELLBORN RD,SOUTHWEST PKWY,30.59100556,-96.3309,35,0,3,3,0,4,1,1,1,0
48,2013480696,480696,1,0,1,161,0,5,4,2013,6,17,0,1,I-45,,31.55191944,-96.1308,1,0,1,1,0,4,1,10,1,0
48,2013480697,480697,1,0,2,181,0,5,4,2013,6,23,45,4,CR-WATERCREST DR,,33.8228,-96.7039,1,0,1,1,0,4,3,1,1,1
48,2013480698,480698,1,0,4,205,0,5,4,2013,6,4,45,2,US-87,,35.87767778,-102.39,43,0,1,1,1,3,2,1,1,0