STATE,YEAR_ST_CASE,ST_CASE,VE_TOTAL,PEDS,PERSONS,COUNTY,CITY,DAY,MONTH,YEAR,DAY_WEEK,HOUR,MINUTE,ROUTE,TWAY_ID,TWAY_ID2,LATITUDE,LONGITUD,HARM_EV,MAN_COLL,RELJCT2,TYP_INT,WRK_ZONE,REL_ROAD,LGT_COND,WEATHER,FATALS,DRUNK_DR
48,2013480699,480699,1,0,5,353,0,5,4,2013,6,18,10,8,FM 608,,32.24346111,-100.479,1,0,1,1,0,4,1,1,2,0
48,2013480700,480700,2,0,2,381,0,5,4,2013,6,21,17,8,FM 2186,,35.11721944,-101.982,12,1,8,1,0,1,2,1,1,0
48,2013480701,480701,1,0,1,411,0,5,4,2013,6,17,15,8,RM 501,,30.98001944,-98.6353,43,0,1,1,0,4,1,1,1,0
48,2013480702,480702,2,0,3,25,0,6,4,2013,7,17,30,2,US-181,,28.64746389,-97.8185,12,2,1,1,0,2,1,1,2,0
48,2013480703,480703,2,0,3,113,1730,6,4,2013,7,0,15,8,SL 12 WALTON WALKER BLVD,,32.692625,-96.8927,1,0,1,1,0,1,3,10,1,1
48,2013480704,480704,1,0,1,113,1730,6,4,2013,7,22,20,2,US-175 C F HAWN FWY,,32.70432222,-96.6666,24,0,1,1,0,10,3,1,1,1
48,2013480705,480705,5,0,13,201,0,6,4,2013,7,11,35,8,FM 1960,,29.99928056,-95.2064,12,6,1,1,0,1,1,1,1,0
48,2013480706,480706,1,0,1,201,0,6,4,2013,7,22,50,1,I-10 RAMP,,29.79133333,-95.0499,24,0,5,1,0,4,2,1,1,1
48,2013480707,480707,1,0,1,201,3280,6,4,2013,7,23,5,7,I-610,,29.74147222,-95.4576,33,0,19,1,0,4,3,1,1,0
48,2013480708,480708,1,0,6,201,3280,6,4,2013,7,23,39,5,EDGEBROOK DR,,29.65084167,-95.2145,31,0,1,1,0,4,3,10,1,0
48,2013480709,480709,1,0,1,201,9997,6,4,2013,7,7,0,3,SR-288 SOUTH FWY,,29.59281944,-95.3862,31,0,19,1,0,8,1,10,1,0
48,2013480710,480710,1,0,1,209,6170,6,4,2013,7,23,0,5,HILLCREST DR,,29.89641111,-97.9479,1,0,1,1,0,1,2,1,1,0
48,2013480711,480711,2,0,5,215,0,6,4,2013,7,12,1,4,CR-SHARP RD,ROGERS RD,26.31846389,-98.0777,12,6,2,2,0,1,1,1,1,0
48,2013480712,480712,3,0,3,259,0,6,4,2013,7,2,30,1,I-10,,29.89213056,-98.8144,12,1,1,1,0,1,2,1,1,0
48,2013480713,480713,1,0,2,265,0,6,4,2013,7,23,5,4,CR-BEAR CREEK RD,,30.06135833,-99.209,42,0,1,1,0,4,2,1,1,0
48,2013480714,480714,2,0,5,375,150,6,4,2013,7,16,59,5,ROSS-MIRROR ST,,35.21624722,-101.818,12,2,1,1,0,1,1,1,1,1
48,2013480715,480715,2,0,2,467,0,6,4,2013,7,12,20,3,SR-110,,32.59193889,-95.6606,12,2,1,1,0,1,1,1,1,0
48,2013480716,480716,1,0,1,497,0,6,4,2013,7,9,58,4,CR-4227,,33.17641667,-97.5472,1,0,1,1,0,4,1,1,1,0
48,2013480717,480717,2,0,5,29,6090,7,4,2013,1,15,0,8,SL-13 MILITARY DR,CURTIS,29.35675278,-98.4862,12,1,2,2,0,1,1,1,1,1
48,2013480718,480718,1,0,1,61,940,7,4,2013,1,19,22,5,SAN MARCELO BLVD,,25.95880556,-97.492,33,0,1,1,0,4,1,1,1,0
48,2013480719,480719,1,0,1,95,0,7,4,2013,1,5,5,2,US-87,,31.21630556,-99.8241,53,0,1,1,0,4,2,1,1,1
48,2013480720,480720,1,0,1,149,0,7,4,2013,1,15,40,4,CR-POST OAK RD,,29.99956944,-96.8471,38,0,1,1,0,4,1,1,1,1
48,2013480721,480721,1,0,4,163,1930,7,4,2013,1,18,10,1,I-35,,28.661475,-99.1819,1,0,1,1,0,3,1,1,1,0
48,2013480722,480722,1,1,2,183,4080,7,4,2013,1,1,41,2,US-80,,32.50195833,-94.7597,8,0,1,1,0,1,3,1,1,0
48,2013480723,480723,1,1,1,201,3280,7,4,2013,1,2,50,2,US-290 NORTHWEST FWY,,29.84131944,-95.4926,8,0,1,1,0,1,3,1,1,0
48,2013480724,480724,1,0,2,201,3280,7,4,2013,1,3,41,1,I-610,,29.73968611,-95.2649,52,0,1,1,0,4,3,1,1,1
48,2013480725,480725,1,0,3,309,0,7,4,2013,1,9,45,1,I-35,,31.47207778,-97.1635,24,0,1,1,1,4,1,1,1,0
48,2013480726,480726,2,0,2,321,0,7,4,2013,1,6,46,3,SR-60,,28.77174444,-95.9407,12,2,1,1,0,1,2,1,1,0
48,2013480727,480727,2,0,5,373,1560,7,4,2013,1,16,33,2,US-287,S RAYBURN HILL DR,30.99061389,-94.7996,12,6,2,3,0,1,1,1,2,0
48,2013480728,480728,1,0,1,443,0,7,4,2013,1,12,35,8,RM2400,,30.52132778,-102.056,1,0,1,1,0,4,1,1,1,1
48,2013480729,480729,2,0,2,451,0,7,4,2013,1,21,43,8,FM2288,,31.52695556,-100.564,12,6,1,1,0,1,2,1,1,0
48,2013480730,480730,3,0,4,453,0,7,4,2013,1,15,9,4,CR-HAMILTON POO RD,,30.35991111,-98.1695,12,2,1,1,0,1,1,1,1,0
48,2013480731,480731,1,0,1,473,0,7,4,2013,1,13,51,8,FM 1489,,29.74268333,-95.9785,59,0,1,1,0,4,1,1,1,0
48,2013480732,480732,1,0,1,71,0,8,4,2013,2,0,10,8,FM 563,,29.83416111,-94.6765,42,0,1,1,0,4,2,1,1,1
48,2013480733,480733,1,1,1,85,4230,8,4,2013,2,6,22,2,US-380 W. UNIVERSITY DR,LAKE FOREST DR,33.21813611,-96.6792,8,0,3,2,0,1,2,1,1,0
48,2013480734,480734,1,0,1,113,4530,8,4,2013,2,21,17,1,I-635,,32.80493333,-96.6273,1,0,1,1,0,10,3,10,1,0
48,2013480735,480735,5,0,3,167,2570,8,4,2013,2,15,0,5,13TH ST,M AVE,29.29856667,-94.7865,12,6,2,2,0,1,1,1,1,1
48,2013480736,480736,1,0,1,227,640,8,4,2013,2,0,37,3,SR-176 ANDREWS HWY,,32.26111389,-101.505,59,0,1,1,0,3,2,1,1,0
48,2013480737,480737,1,0,1,279,0,8,4,2013,2,11,8,4,CR-65,,34.1039,-102.571,10,0,6,1,0,1,1,1,1,0
48,2013480738,480738,1,1,0,291,0,8,4,2013,2,14,59,4,CR-2058,,30.23915833,-94.6946,8,0,8,1,0,1,1,1,1,0
48,2013480739,480739,2,0,3,309,5845,8,4,2013,2,21,36,2,US-77 N ROBINSON DR,PEPLOW DR,31.47959444,-97.1196,12,1,3,2,0,1,3,1,1,0
48,2013480740,480740,1,1,1,375,150,8,4,2013,2,17,57,1,I-40,,35.19324722,-101.796,8,0,18,1,0,1,1,1,1,0
48,2013480741,480741,2,0,3,423,0,8,4,2013,2,12,35,2,US-271,CR-353,32.43654722,-95.1465,12,6,2,2,0,1,1,1,1,0
48,2013480742,480742,1,0,1,39,850,9,4,2013,3,21,18,3,SR-36 N BROOKS ST,,29.06871944,-95.5893,42,0,1,1,0,4,2,10,1,0
48,2013480743,480743,2,1,1,61,3780,9,4,2013,3,8,1,7,US-83,,26.16576667,-97.8425,8,0,1,1,0,4,4,1,1,1
48,2013480744,480744,2,0,2,201,0,9,4,2013,3,22,8,1,I-10,,29.77088333,-95.1734,14,0,1,1,0,2,3,10,1,0
48,2013480745,480745,1,0,1,439,2850,9,4,2013,3,23,41,5,SHADYBROOK DR,,32.948075,-97.0863,33,0,1,1,0,4,3,1,1,0
48,2013480746,480746,2,0,2,59,0,9,4,2013,3,0,12,1,I-20,,32.4262,-99.5716,12,1,1,1,0,1,2,1,1,1
48,2013480747,480747,1,1,1,453,330,9,4,2013,3,6,4,3,SR-71,,30.20269167,-97.6387,8,0,1,1,1,1,2,10,1,0
48,2013480748,480748,1,1,1,37,0,10,4,2013,4,21,50,8,FM2516,QUAILBROOK RD,33.36831944,-94.1227,8,0,2,3,0,1,2,10,1,0
48,2013480749,480749,3,0,4,39,0,10,4,2013,4,17,15,4,CR-172 PARKER SCHOOL RD,,29.35520833,-95.3006,12,8,1,1,0,1,1,10,1,0
48,2013480750,480750,2,0,3,59,0,10,4,2013,4,13,18,8,FM2228,,32.26343056,-99.2266,12,2,1,1,0,1,1,10,1,0
48,2013480751,480751,2,0,2,217,0,10,4,2013,4,22,20,3,SR-22,,31.97518056,-97.2586,12,2,1,1,0,1,2,1,2,0
48,2013480752,480752,1,0,46,113,3420,11,4,2013,5,8,59,5,PRESIDENT GEORGE BUSH TURNPIKE,,32.87960556,-96.9897,20,0,1,1,0,4,1,1,3,0
48,2013480753,480753,2,0,2,119,0,11,4,2013,5,7,26,3,SR-24,,33.36439444,-95.7194,12,2,1,1,0,1,1,10,2,1
48,2013480754,480754,1,0,1,181,1830,11,4,2013,5,21,55,3,SR-91,,33.75165833,-96.5464,58,0,1,1,0,1,1,1,1,1
48,2013480755,480755,3,0,4,201,3280,11,4,2013,5,5,20,1,I-69/US-59,,29.75908611,-95.351,12,2,1,1,0,1,3,2,1,0
48,2013480756,480756,2,0,5,293,0,11,4,2013,5,15,30,4,CR-498,CR-496,31.67354444,-96.4228,12,6,2,2,0,1,1,1,1,0
48,2013480757,480757,2,0,2,361,0,11,4,2013,5,12,10,8,FM-1078,BANCROFT RD,30.13844444,-93.812,12,6,2,3,0,1,1,10,1,0
48,2013480758,480758,2,0,4,27,6810,12,4,2013,6,13,35,8,FM 93,FM 1741,31.03728056,-97.3925,12,6,2,3,0,1,1,1,1,0
48,2013480759,480759,2,0,4,157,0,12,4,2013,6,7,41,8,FM 359,,29.62962222,-95.8,12,6,1,1,0,1,1,1,1,0
48,2013480760,480760,2,0,2,183,0,12,4,2013,6,12,34,8,FM 2087,,32.419525,-94.8021,12,2,1,1,0,1,1,1,1,0
48,2013480761,480761,2,0,2,201,3890,12,4,2013,6,12,4,5,13TH ST,FAIRMONT PKWY,29.65226111,-95.0327,12,6,2,3,0,1,1,1,1,0
48,2013480762,480762,2,0,2,309,0,12,4,2013,6,20,30,8,FM 185,,31.52116944,-97.4719,11,0,1,1,0,1,2,1,1,1
48,2013480763,480763,2,0,3,469,0,12,4,2013,6,13,30,2,US-87,FM 1686,28.71952222,-96.8737,12,6,2,2,0,1,1,1,1,0
48,2013480764,480764,2,0,6,29,6090,13,4,2013,7,23,56,2,US-90,,29.38377222,-98.6936,12,6,18,1,0,1,2,1,4,1
48,2013480765,480765,1,0,1,59,0,13,4,2013,7,20,50,4,CR-100,,32.502425,-99.6056,38,0,1,1,0,4,2,1,1,1
48,2013480766,480766,1,0,1,61,0,13,4,2013,7,18,21,8,FM 3069,,26.12938889,-97.4338,43,0,1,1,0,4,1,1,1,1
48,2013480767,480767,3,0,4,113,5730,13,4,2013,7,22,50,2,US-75 CENTRAL EXPY,,32.94008889,-96.7458,12,1,18,1,0,1,3,1,1,1
48,2013480768,480768,2,0,2,157,0,13,4,2013,7,18,30,7,CR-ALIEF CLODINE,,29.70781944,-95.6871,33,0,19,1,0,10,1,1,1,0
48,2013480769,480769,2,0,1,201,0,13,4,2013,7,2,10,4,CR-ADLONG SCHOOL RD,,29.93304444,-95.0209,12,2,1,1,0,1,2,1,1,1
48,2013480770,480770,1,0,5,361,5100,13,4,2013,7,15,51,7,I-10,,30.13009444,-93.9043,1,0,1,1,0,4,1,1,1,0
48,2013480771,480771,1,1,5,427,2582,13,4,2013,7,22,5,2,US-83,,26.329475,-98.6969,8,0,1,1,0,1,2,1,1,0
48,2013480772,480772,1,0,1,453,0,13,4,2013,7,20,53,8,FM969,,30.22323611,-97.4909,1,0,1,1,0,4,2,1,1,1
48,2013480773,480773,2,0,2,1,5170,14,4,2013,1,6,30,2,US-79 W OAK ST,,31.72278056,-95.6888,12,6,1,1,1,1,4,1,1,0
48,2013480774,480774,2,0,1,27,3690,14,4,2013,1,17,46,5,BRIDGEWOOD DR,JACK BARNES AVE,31.08099444,-97.7989,1,0,2,10,0,1,1,1,1,1
48,2013480775,480775,2,0,6,113,1730,14,4,2013,1,14,52,8,FM1382 S BELTLINE RD,EAGLE FORD DR,32.64345833,-96.9735,12,6,2,3,0,1,1,1,1,0
48,2013480776,480776,1,1,1,201,3280,14,4,2013,1,1,45,5,MCGOWEN ST,,29.74788333,-95.3782,8,0,1,1,0,1,3,1,1,0
48,2013480777,480777,3,0,4,201,3280,14,4,2013,1,4,13,3,SR-8,,29.93898056,-95.356,12,2,18,1,0,1,3,1,2,2
48,2013480778,480778,1,0,2,339,0,14,4,2013,1,2,30,4,CR-N CLARK RD,,30.48617778,-95.4345,42,0,1,1,0,4,2,10,2,1
48,2013480779,480779,2,0,3,439,3347,14,4,2013,1,13,13,3,SR-10 W HURST BLVD,MELBOURNE RD,32.80914167,-97.1982,12,6,2,3,0,1,1,1,1,1
48,2013480780,480780,2,0,5,453,0,14,4,2013,1,20,15,3,SR-71,WOLF LN,30.18256667,-97.5412,12,6,2,2,0,1,2,1,1,1
48,2013480781,480781,1,1,1,473,0,14,4,2013,1,2,9,4,CR-GARRETT RD,,29.84565,-96.0514,8,0,1,1,0,1,2,1,1,0
48,2013480782,480782,1,0,9,63,0,15,4,2013,2,9,53,8,FM1520,,33.05157222,-95.016,23,0,1,1,0,4,1,1,1,0
48,2013480783,480783,2,0,2,85,200,15,4,2013,2,16,29,3,SR-121 SAM RAYBURN HWY,,33.339875,-96.4707,12,99,1,1,0,1,1,1,1,0
48,2013480784,480784,1,0,3,157,0,15,4,2013,2,2,58,8,FM1093,,29.702525,-95.7414,1,0,1,1,0,4,2,1,1,1
48,2013480786,480786,1,0,1,303,4140,15,4,2013,2,21,56,5,82ND ST,ABERDEEN AVE,33.51990278,-101.925,19,0,3,3,0,4,3,1,1,0
48,2013480787,480787,1,0,1,395,0,15,4,2013,2,10,55,8,FM937,,31.29428056,-96.3635,32,0,1,1,0,4,1,1,1,0
48,2013480788,480788,1,1,1,439,2450,15,4,2013,2,23,35,5,PORTALES AVE,S NORMANDALE ST,32.72842778,-97.4695,8,0,3,3,0,1,3,1,1,0
48,2013480789,480789,1,0,1,467,0,15,4,2013,2,11,45,3,SR-198,,32.42104444,-95.9925,38,0,1,1,0,4,1,1,1,0
48,2013480790,480790,1,0,1,5,0,16,4,2013,3,14,0,4,CR-EL PASO,,31.21586111,-94.7989,42,0,1,1,0,4,1,1,1,0
48,2013480792,480792,2,0,3,135,0,16,4,2013,3,9,22,3,SR-302,BI20E/2ND,31.82380556,-102.408,12,6,2,3,0,1,1,1,1,0
48,2013480793,480793,2,0,2,147,0,16,4,2013,3,0,40,3,SR-121,,33.54573056,-96.2133,12,2,1,1,0,1,2,1,1,0
48,2013480794,480794,3,0,5,201,0,16,4,2013,3,6,35,4,CR-CLAY RD,CR-PORTER RD,29.83125,-95.79,12,6,2,2,0,1,1,1,1,0
48,2013480795,480795,1,0,3,201,3280,16,4,2013,3,22,50,5,PARDEE RD,,29.80583333,-95.3238,30,0,1,1,0,5,3,10,1,0
48,2013480796,480796,2,0,2,265,3670,16,4,2013,3,17,48,3,SR-173/BANDERA HWY,,30.02113056,-99.1288,12,6,1,1,0,1,1,1,1,1
48,2013480797,480797,1,0,1,303,0,16,4,2013,3,16,9,8,FM179,,33.63953056,-102.01,1,0,1,1,0,4,1,1,1,0
48,2013480798,480798,1,1,1,361,5100,16,4,2013,3,22,54,1,I-10,,30.11841944,-93.7286,8,0,1,1,0,1,2,10,1,0
48,2013480799,480799,2,0,3,29,6090,17,4,2013,4,23,43,8,SL353/NEW LAREDO HWY,PRICE AVE,29.36036111,-98.5563,12,6,2,2,0,1,3,1,1,1
48,2013480800,480800,2,0,2,157,0,17,4,2013,4,15,50,8,FM723,,29.61943056,-95.8116,12,2,1,1,0,1,1,2,1,0
48,2013480801,480801,1,0,3,181,0,17,4,2013,4,16,31,4,CR-WEST LINE RD,,33.61585556,-96.9401,38,0,1,1,0,4,1,10,2,1
48,2013480802,480802,2,0,2,201,0,17,4,2013,4,8,20,4,CR-TELGE RD,,29.99199444,-95.6535,12,6,8,1,0,1,1,1,1,1
48,2013480803,480803,4,0,5,209,0,18,4,2013,5,9,20,8,RR 1826,,30.17884167,-97.9288,12,6,1,1,0,1,1,2,1,0
48,2013480804,480804,1,0,2,215,0,18,4,2013,5,15,15,2,US-281,,26.66450833,-98.1153,1,0,1,1,0,3,1,1,1,1
48,2013480805,480805,2,0,3,241,0,18,4,2013,5,16,50,2,US-96,,30.73214444,-93.9269,12,2,1,1,0,1,1,2,2,0
48,2013480806,480806,2,0,2,251,1030,18,4,2013,5,14,45,1,I-35W S BURLESON RD,,32.48318333,-97.2788,14,0,19,1,0,2,1,1,1,0
48,2013480807,480807,1,0,1,265,0,18,4,2013,5,0,51,7,I-10,,30.27202222,-99.4987,32,0,1,1,0,10,2,10,1,0
48,2013480808,480808,1,0,3,441,30,18,4,2013,5,12,10,5,OLD ANSON RD,AMBLER AVE,32.47439722,-99.7445,5,0,3,3,0,4,1,1,1,0
48,2013480809,480809,2,0,2,469,7190,18,4,2013,5,11,0,8,SL 463 ZAC LENTZ PKWY,,28.82095,-96.9334,12,6,1,1,0,1,1,2,1,0
48,2013480810,480810,1,0,1,471,0,18,4,2013,5,1,30,3,SR-75,,30.769525,-95.6719,1,0,1,1,0,4,2,1,1,1
48,2013480811,480811,1,1,1,29,6090,19,4,2013,6,18,45,5,CALLAGHAN RD,,29.51366111,-98.55,8,0,1,1,0,1,1,1,1,0
48,2013480812,480812,1,0,1,157,0,19,4,2013,6,1,41,3,SR-99,,29.64618889,-95.7087,33,0,1,1,1,4,3,1,1,0
48,2013480813,480813,2,0,2,157,3580,19,4,2013,6,18,44,1,I-10,,29.77745,-95.8184,12,1,1,1,0,1,1,1,1,0
48,2013480814,480814,1,0,1,315,0,19,4,2013,6,2,22,8,FM729,,32.852175,-94.6519,32,0,1,1,0,4,2,1,1,0
48,2013480815,480815,3,0,4,331,0,19,4,2013,6,14,31,2,US-79,,30.68416667,-96.9335,12,2,1,1,0,1,1,1,1,0
48,2013480816,480816,2,0,2,355,1550,19,4,2013,6,18,6,5,OCEAN DR,AYERS ST,27.77594444,-97.3932,12,2,2,3,0,1,1,1,1,0
48,2013480817,480817,1,0,1,373,0,19,4,2013,6,16,10,2,US-59,,30.77075833,-94.8986,59,0,1,1,0,4,1,1,1,0
48,2013480818,480818,1,0,3,373,4020,19,4,2013,6,21,10,8,FM1316 OLD ISRAEL RD,,30.72733333,-94.9208,53,0,1,1,0,4,2,1,1,0
48,2013480819,480819,2,0,3,389,0,19,4,2013,6,15,50,1,I-20,,31.33305556,-103.753,12,1,1,1,0,1,1,1,1,1
48,2013480820,480820,2,0,2,15,0,20,4,2013,7,22,57,8,FM109,,29.98501389,-96.4981,12,2,1,1,0,1,2,1,1,2
48,2013480821,480821,1,1,1,39,0,20,4,2013,7,20,45,8,FM-2403,,29.377175,-95.254,9,0,1,1,0,99,2,1,1,0
48,2013480822,480822,2,1,9,113,1730,20,4,2013,7,2,8,2,US-67 MARVIN D LOVE FWY,,32.67488056,-96.8583,8,0,1,1,0,1,3,1,1,0
48,2013480823,480823,1,0,1,113,2310,20,4,2013,7,19,26,5,DENTON DR,,32.93093611,-96.8993,33,0,1,1,0,4,1,1,1,0
48,2013480824,480824,3,0,4,201,0,20,4,2013,7,12,25,8,FM2920,,30.07405278,-95.5151,12,7,8,1,0,1,1,1,1,0
48,2013480825,480825,1,1,1,253,0,20,4,2013,7,10,2,2,US-83,,32.7835,-99.9144,8,0,1,1,4,2,1,1,1,0
48,2013480826,480826,2,0,4,303,4140,20,4,2013,7,2,12,5,82ND ST,,33.51967778,-101.922,12,9,1,1,0,1,3,1,1,1
48,2013480827,480827,1,0,1,365,0,20,4,2013,7,23,25,8,FM124,,32.21850833,-94.464,59,0,1,1,0,4,2,1,1,0
48,2013480828,480828,3,2,1,439,2450,20,4,2013,7,15,48,1,I-30,,32.75705833,-97.2648,12,7,1,1,0,1,1,1,1,0
48,2013480829,480829,1,0,1,441,0,20,4,2013,7,14,26,1,I-20,,32.45850833,-99.8803,1,0,1,1,0,10,1,1,1,1
48,2013480830,480830,1,1,2,453,330,20,4,2013,7,0,50,2,US-183,LOYOLA LN,30.302675,-97.6611,8,0,3,2,0,1,3,1,1,0
48,2013480831,480831,1,0,1,491,330,20,4,2013,7,1,30,5,ANDERSON MILL RD,,30.44691389,-97.7965,34,0,1,1,0,4,3,1,1,1
48,2013480832,480832,1,0,1,29,6090,21,4,2013,1,22,16,7,JUDSON RD,,29.56912778,-98.3665,33,0,1,1,0,4,3,1,1,1
48,2013480833,480833,1,0,1,123,0,21,4,2013,1,5,17,2,US-87,,29.11823056,-97.4045,1,0,1,1,0,4,2,1,1,0
48,2013480834,480834,1,0,5,141,2190,21,4,2013,1,0,52,5,LOPEZ RD,,31.82526944,-106.227,39,0,1,1,0,4,2,1,1,0
48,2013480835,480835,1,0,1,249,0,21,4,2013,1,18,13,4,CR-424,CR-420,27.35032222,-98.2137,38,0,3,3,0,5,1,1,1,0
48,2013480836,480836,1,0,1,287,0,21,4,2013,1,3,35,8,FM180,,30.23028611,-96.7616,38,0,1,1,0,4,2,1,1,1
48,2013480837,480837,1,0,2,325,0,21,4,2013,1,3,0,1,I-35,,29.19365,-98.8311,1,0,1,1,0,3,2,10,1,1
48,2013480838,480838,1,0,1,499,0,21,4,2013,1,2,0,3,SR-182,,32.80627778,-95.4941,42,0,1,1,0,4,2,1,1,0
48,2013480839,480839,1,1,1,61,940,22,4,2013,2,6,15,3,SR-4,,25.91878333,-97.4607,8,0,1,1,0,1,2,1,1,0
48,2013480840,480840,1,0,4,409,0,22,4,2013,2,7,24,4,CR-3567,,27.91768889,-97.36,1,0,1,1,0,4,1,1,1,0
48,2013480841,480841,2,0,3,457,0,22,4,2013,2,16,53,8,FM 92,PR 8595,30.60104444,-94.1759,12,6,2,3,0,1,1,1,1,0
48,2013480842,480842,1,0,1,3,0,23,4,2013,3,15,51,3,SR-128,,32.14232778,-102.891,1,0,1,1,0,4,1,1,1,1
48,2013480843,480843,1,0,2,69,0,23,4,2013,3,0,33,4,CR-601,,34.74611667,-102.131,34,0,1,1,0,4,2,7,1,1
48,2013480844,480844,2,0,2,89,0,23,4,2013,3,1,27,3,SR-71,,29.81136389,-96.6786,12,11,1,1,0,1,2,1,1,0
48,2013480845,480845,1,0,1,113,1730,23,4,2013,3,4,9,5,BERNAL DR,,32.78728889,-96.8958,1,0,1,1,0,1,3,10,1,1
48,2013480846,480846,2,1,1,157,6568,23,4,2013,3,14,21,2,US-59,,29.64423056,-95.5757,12,1,18,1,0,1,1,1,1,0
48,2013480847,480847,2,0,3,183,0,23,4,2013,3,22,33,2,US-259,CR-1493 HENDERSON LN,32.57266667,-94.7357,12,6,2,2,0,1,2,1,1,0
48,2013480848,480848,3,1,4,201,0,23,4,2013,3,14,10,2,US-59,,29.90261389,-95.3111,30,0,1,1,0,5,1,1,1,0
48,2013480849,480849,1,0,1,201,0,23,4,2013,3,3,12,4,CR-WADE RD,FIG ORCHARD RD,29.83101389,-95.0171,34,0,1,1,0,4,2,10,1,0
48,2013480850,480850,2,0,3,297,0,23,4,2013,3,22,41,1,I-37,,28.46603056,-98.1158,12,2,1,1,0,1,2,10,2,1
48,2013480851,480851,2,0,2,361,7200,23,4,2013,3,7,38,3,SR-12,N CREEKWOOD ST,30.17635,-93.9275,12,6,2,2,0,1,1,1,1,0
48,2013480852,480852,1,0,2,93,0,24,4,2013,4,21,5,8,FM587,,32.09745833,-98.7711,32,0,1,1,0,4,2,1,2,0
48,2013480853,480853,1,0,1,157,6660,24,4,2013,4,22,20,5,DULLES AVE,,29.60406944,-95.5823,42,0,1,1,0,4,3,1,1,0
48,2013480854,480854,1,0,1,29,6090,25,4,2013,5,1,0,1,I-37,,29.32918333,-98.4176,39,0,5,1,0,4,3,10,1,1
48,2013480855,480855,2,0,3,39,0,25,4,2013,5,6,1,3,SR-332,,29.04921389,-95.4879,12,2,1,1,0,1,4,1,1,0
48,2013480856,480856,1,0,1,81,0,25,4,2013,5,2,24,3,SR-158,,31.90831667,-100.798,1,0,1,1,0,1,2,1,1,0
48,2013480857,480857,2,0,2,235,0,25,4,2013,5,0,53,2,US-67,,31.13719444,-101.248,12,2,1,1,0,1,3,10,1,0
48,2013480858,480858,2,0,2,289,0,25,4,2013,5,15,31,3,SR-7,,31.24575556,-96.2224,12,8,1,1,0,1,1,1,1,0
48,2013480859,480859,1,0,1,349,1570,25,4,2013,5,23,2,5,W PARK ROW BLVD,,32.06325,-96.5077,42,0,1,1,0,4,2,10,1,0
48,2013480860,480860,2,0,5,423,0,25,4,2013,5,12,15,8,FM2813,CR-128,32.23888889,-95.3317,12,2,2,3,0,1,1,1,1,0
48,2013480861,480861,1,0,4,423,0,25,4,2013,5,22,20,3,SR-31,,32.36242222,-95.1326,11,0,1,1,0,1,3,10,1,0
48,2013480862,480862,1,0,1,439,2450,25,4,2013,5,0,47,1,I-30 RAMP,,32.72799444,-97.5075,32,0,5,1,0,8,2,1,1,0
48,2013480863,480863,1,1,1,439,2450,25,4,2013,5,21,20,8,FM 731 CROWLEY RD,SYCAMORE SCHOOL RD,32.63465278,-97.3488,9,0,3,2,0,1,3,1,1,0
48,2013480864,480864,2,0,3,469,0,25,4,2013,5,22,41,2,US-77 ZAC LENTZ PKWY,,28.84126111,-97.054,12,6,1,1,0,1,2,10,1,1
48,2013480865,480865,4,0,4,61,940,26,4,2013,6,13,43,2,US-77/83,,25.99816667,-97.5261,12,6,18,1,0,1,1,10,1,0
48,2013480866,480866,1,0,1,99,1540,26,4,2013,6,2,43,2,US-190,,31.12035278,-97.8807,43,0,1,1,0,4,3,1,1,1
48,2013480867,480867,2,0,4,135,0,26,4,2013,6,22,35,8,FM 1936,CR-42ND,31.86760556,-102.451,12,6,2,2,0,1,3,1,2,1
48,2013480868,480868,3,2,3,171,0,26,4,2013,6,21,43,1,I-10,,30.18227778,-99.2977,14,0,1,1,0,4,2,1,1,0
48,2013480869,480869,1,0,4,181,0,26,4,2013,6,16,28,4,CR-BENNETT RD,,33.55112778,-96.5799,38,0,1,1,0,4,1,10,1,0
48,2013480870,480870,1,0,1,201,3280,26,4,2013,6,22,8,8,UA 90 SSGT MACARIO GARCIA DR,,29.75156944,-95.298,25,0,1,1,0,3,3,1,1,1