STATE,YEAR_ST_CASE,ST_CASE,VE_TOTAL,PEDS,PERSONS,COUNTY,CITY,DAY,MONTH,YEAR,DAY_WEEK,HOUR,MINUTE,ROUTE,TWAY_ID,TWAY_ID2,LATITUDE,LONGITUD,HARM_EV,MAN_COLL,RELJCT2,TYP_INT,WRK_ZONE,REL_ROAD,LGT_COND,WEATHER,FATALS,DRUNK_DR
48,2013480871,480871,2,0,2,373,0,26,4,2013,6,14,44,2,US-190,FOREST HILLS LOOP,30.80263889,-95.0625,12,1,3,3,0,1,1,1,1,1
48,2013480872,480872,1,0,1,113,1730,27,4,2013,7,3,52,1,I-30,,32.77715833,-96.8084,24,0,1,1,0,4,3,1,1,1
48,2013480873,480873,2,0,2,199,0,27,4,2013,7,0,10,2,US-69,,30.49718333,-94.3978,12,1,1,1,0,1,2,1,1,0
48,2013480874,480874,1,1,1,201,3280,27,4,2013,7,5,33,2,US-59,,29.72937222,-95.4329,8,0,18,1,0,1,3,10,1,0
48,2013480876,480876,1,0,3,249,0,27,4,2013,7,10,9,8,FM 738,,27.97851667,-97.939,1,0,1,1,0,4,1,1,1,0
48,2013480877,480877,1,0,1,277,0,27,4,2013,7,21,30,8,FM 2122,,33.57215278,-95.6835,42,0,1,1,0,4,2,1,1,1
48,2013480878,480878,1,0,2,347,0,27,4,2013,7,1,20,2,US-259,,31.71944167,-94.6776,5,0,1,1,0,2,2,1,1,1
48,2013480879,480879,2,0,4,403,0,27,4,2013,7,13,25,2,US-96,FM 201,31.17705556,-93.972,12,2,3,3,0,1,1,1,1,0
48,2013480880,480880,1,0,5,415,6440,27,4,2013,7,15,42,3,SR-350,,32.69283611,-100.919,30,0,1,1,0,4,1,1,1,0
48,2013480881,480881,1,2,1,439,260,27,4,2013,7,22,43,8,SS303/PIONEER PKWY,,32.71073889,-97.0774,8,0,1,1,0,1,3,1,1,0
48,2013480882,480882,2,1,2,113,1730,28,4,2013,1,1,28,2,US-175/CF HAWN FWY,,32.75411389,-96.7654,8,0,1,1,0,1,3,1,1,0
48,2013480883,480883,2,0,4,143,0,28,4,2013,1,16,32,2,US-281,,32.48705,-98.135,12,2,1,1,0,1,1,1,4,0
48,2013480884,480884,1,1,1,313,0,28,4,2013,1,22,30,1,I-45,,31.0918,-95.9605,8,0,17,1,0,1,2,10,1,0
48,2013480885,480885,2,0,7,439,2450,28,4,2013,1,13,52,3,SR-199 JACKSBORO HWY,HANGER CUTOFF RD,32.85636389,-97.5129,12,6,2,2,0,1,1,1,3,0
48,2013480886,480886,1,0,4,375,150,29,4,2013,2,12,0,7,US-87 DUMAS DR,,35.24553056,-101.831,33,0,1,1,0,8,1,1,1,1
48,2013480887,480887,3,0,6,401,0,30,4,2013,3,16,35,3,SR-43,CR-214D,32.185,-94.7681,12,1,2,3,0,1,1,1,2,0
48,2013480888,480888,1,1,1,181,0,20,4,2013,7,22,29,2,US-82,,33.65136944,-96.5091,8,0,1,1,0,1,2,1,1,1
48,2013480889,480889,2,0,3,441,30,9,1,2013,4,18,52,7,I-20/OVERLAND TRL,,32.47384444,-99.6949,59,0,1,1,1,4,2,2,1,0
48,2013480890,480890,1,0,1,475,4660,19,1,2013,7,19,25,8,BI-20D/SEALY AVE,,31.57907778,-102.95,59,0,1,1,0,3,3,1,1,0
48,2013480891,480891,1,0,1,201,0,23,2,2013,7,21,0,2,US-290,,29.96320278,-95.688,25,0,1,1,0,3,3,1,1,1
48,2013480892,480892,3,0,3,201,3280,5,3,2013,3,3,1,2,US-290,,29.82015833,-95.4694,25,0,1,1,0,3,3,10,1,1
48,2013480893,480893,2,0,4,439,2450,12,3,2013,3,18,25,5,OLD MANSFIELD RD,,32.71029444,-97.3004,33,0,1,1,0,4,1,1,1,0
48,2013480894,480894,1,0,2,303,4140,16,3,2013,7,20,33,1,I-27,,33.57341111,-101.843,18,0,1,1,0,1,3,1,1,1
48,2013480895,480895,1,1,1,201,3280,21,3,2013,5,13,25,5,S POST OAK RD,,29.66396389,-95.4639,8,0,1,1,0,1,1,10,1,0
48,2013480896,480896,3,0,5,201,3280,27,3,2013,4,1,20,3,SR-3 GALVESTON RD,E EDGEBROOK DR,29.64786944,-95.2213,12,6,2,2,0,1,2,1,2,2
48,2013480897,480897,4,0,5,329,0,27,4,2013,7,5,45,3,SR-158,,31.96200833,-101.965,12,8,1,1,0,1,2,1,2,0
48,2013480898,480898,1,0,2,165,0,5,4,2013,6,1,38,4,CR-421,,32.56084722,-102.431,1,0,1,1,0,4,2,1,1,1
48,2013480899,480899,2,0,2,201,3280,5,4,2013,6,22,43,1,I-45,,29.79789167,-95.3719,1,0,1,1,0,1,3,1,1,1
48,2013480900,480900,2,0,3,371,0,8,4,2013,2,17,29,2,US-67,,30.59531944,-103.314,12,2,1,1,0,1,1,6,1,0
48,2013480901,480901,1,0,2,201,3280,9,4,2013,3,1,20,5,BELLAIRE BLVD,,29.70505,-95.5206,33,0,1,1,0,4,3,1,1,0
48,2013480902,480902,1,0,1,349,0,10,4,2013,4,1,0,8,FM 3041,,32.12599444,-96.4316,1,0,1,1,0,4,2,1,1,0
48,2013480904,480904,1,1,2,201,0,13,4,2013,7,21,51,1,I-10,,29.77064167,-95.1833,8,0,18,1,0,1,3,1,1,0
48,2013480905,480905,1,0,1,27,0,14,4,2013,1,19,0,8,FM 2843,,30.90303333,-97.687,43,0,1,1,0,4,1,1,1,0
48,2013480906,480906,2,0,2,355,5850,16,4,2013,3,23,52,3,SR-44,,27.78490556,-97.6452,12,6,1,1,0,1,3,1,1,0
48,2013480907,480907,2,1,6,453,330,18,4,2013,5,20,35,1,I-35,,30.36063889,-97.6864,8,0,1,1,0,1,3,1,1,0
48,2013480908,480908,1,1,1,113,1730,21,4,2013,1,22,45,7,I-45 JULIUS SCHEPPS FWY,,32.76235833,-96.7747,9,0,19,1,0,3,3,1,1,0
48,2013480909,480909,2,0,4,453,330,21,4,2013,1,20,24,2,US-290,JOE TANNER LN,30.23542778,-97.8577,12,1,3,3,0,1,3,1,1,1
48,2013480910,480910,1,0,2,183,4080,22,4,2013,2,3,38,1,I-20,,32.44812778,-94.715,52,0,19,1,0,10,3,1,1,0
48,2013480911,480911,3,0,1,39,0,23,4,2013,3,5,11,8,FM2611,,28.92593889,-95.6175,12,1,1,1,0,1,2,5,1,0
48,2013480912,480912,2,0,2,135,0,23,4,2013,3,19,31,1,I-20,,31.72398889,-102.621,12,2,1,1,0,1,1,1,1,1
48,2013480913,480913,1,0,1,201,3280,23,4,2013,3,0,45,5,S POST OAK RD,,29.667275,-95.4626,38,0,1,1,0,4,3,1,1,0
48,2013480914,480914,2,0,4,239,0,23,4,2013,3,7,54,8,FM822,,29.02234444,-96.6943,12,2,1,1,0,1,1,1,1,0
48,2013480915,480915,1,0,2,427,0,23,4,2013,3,18,55,2,US-83,,26.54507778,-99.0931,38,0,1,1,1,4,1,1,1,0
48,2013480916,480916,2,0,2,91,0,24,4,2013,4,16,40,3,SR-46,,29.78309444,-98.3216,12,2,1,1,0,1,1,1,1,0
48,2013480917,480917,1,0,2,121,0,24,4,2013,4,15,0,4,CR-KELLER HASLET RD N,,33.01463056,-97.359,42,0,1,1,0,4,1,1,1,1
48,2013480918,480918,2,0,2,245,490,24,4,2013,4,20,13,2,US-69,,30.14027222,-94.1747,12,2,1,1,0,1,3,1,1,1
48,2013480919,480919,1,0,2,491,0,25,4,2013,5,0,39,4,CR-228,,30.86896944,-97.7954,30,0,1,1,1,4,2,1,1,1
48,2013480920,480920,3,0,4,1,5170,26,4,2013,6,15,9,8,SL256,FM320,31.76074722,-95.6583,12,6,2,2,0,1,1,1,1,0
48,2013480921,480921,1,1,1,1,5170,27,4,2013,7,23,55,2,US-287,,31.73156667,-95.6023,8,0,1,1,0,1,2,1,1,0
48,2013480922,480922,1,0,1,141,0,27,4,2013,7,16,53,1,I-10,,31.50884167,-106.123,1,0,1,1,0,3,1,1,1,0
48,2013480923,480923,3,0,6,113,1730,23,2,2013,7,15,45,1,I-20,,32.66063611,-96.893,12,1,1,1,0,1,1,1,1,0
48,2013480924,480924,1,0,1,355,0,27,4,2013,7,3,20,4,CR-63,,27.63713056,-97.6007,34,0,1,1,0,4,2,10,1,1
48,2013480925,480925,1,0,1,363,0,27,4,2013,7,23,5,2,US-281,,32.66081944,-98.0998,42,0,1,1,0,4,2,1,1,1
48,2013480926,480926,4,0,6,113,1730,28,4,2013,1,21,45,1,I-20,,32.66995,-96.93,12,1,1,1,0,1,3,1,1,0
48,2013480927,480927,1,0,2,135,0,28,4,2013,1,4,55,2,US-385,,32.06641111,-102.444,1,0,1,1,0,4,2,1,1,0
48,2013480928,480928,1,0,2,261,0,28,4,2013,1,12,36,2,US-77,,27.18006667,-97.7935,42,0,1,1,0,4,1,2,1,0
48,2013480929,480929,1,0,6,291,1770,28,4,2013,1,22,0,2,US-90,,29.97312778,-94.9847,58,0,1,1,0,4,1,10,1,0
48,2013480930,480930,1,0,2,387,0,28,4,2013,1,8,30,3,SR-37,,33.51048056,-95.2142,39,0,1,1,0,4,1,1,2,0
48,2013480931,480931,2,0,2,135,0,29,4,2013,2,13,35,2,US-385,CR-W 87TH ST,31.93421111,-102.402,12,6,3,2,0,1,1,1,1,0
48,2013480932,480932,1,0,2,141,2190,29,4,2013,2,1,14,7,I-10,,31.77285556,-106.381,33,0,1,1,0,4,6,1,1,0
48,2013480933,480933,1,0,1,181,6350,29,4,2013,2,8,58,2,US-82,,33.67076944,-96.6426,35,0,1,1,0,10,1,1,1,0
48,2013480934,480934,1,1,1,245,4840,29,4,2013,2,10,0,5,NEDERLAND AVE,N 17TH ST,29.97084444,-93.9929,8,0,3,3,0,1,1,1,1,0
48,2013480935,480935,2,0,2,467,0,29,4,2013,2,21,30,8,FM314,,32.45243611,-95.6219,12,2,1,1,0,1,2,1,2,1
48,2013480936,480936,2,0,8,209,990,30,4,2013,3,13,25,8,FM2770 JACK C HAYS TRL,,30.07553611,-97.852,12,6,1,1,0,1,1,1,2,0
48,2013480937,480937,1,1,2,441,0,30,4,2013,3,2,45,1,I-20,,32.47481111,-100.042,8,0,1,1,0,1,2,1,1,0
48,2013480938,480938,2,0,2,451,0,30,4,2013,3,13,13,2,US-67,,31.55298333,-100.292,12,1,1,1,0,1,1,1,1,0
48,2013480939,480939,2,0,3,479,0,30,4,2013,3,2,45,3,SR-44,,28.03103889,-99.263,12,2,1,1,0,1,2,1,2,0
48,2013480940,480940,2,0,2,135,0,1,5,2013,4,15,55,8,FM554,CR-GOLDENFOD DR,32.02103333,-102.376,12,6,2,2,0,1,1,1,2,0
48,2013480941,480941,2,0,2,143,0,1,5,2013,4,22,15,3,SR-6,,32.09206944,-98.3644,12,2,1,1,0,1,2,1,1,1
48,2013480942,480942,1,1,1,201,0,1,5,2013,4,1,30,4,CR-STUEBNER AIRLINE RD,,30.04685556,-95.5387,8,0,1,1,1,1,2,1,1,0
48,2013480943,480943,5,0,10,481,0,1,5,2013,4,21,21,3,SR-60,,29.284,-96.0683,12,8,1,1,0,1,2,1,3,1
48,2013480944,480944,2,0,2,3,0,2,5,2013,5,6,41,2,US-385,,32.29826944,-102.54,12,2,1,1,0,1,4,10,2,1
48,2013480945,480945,1,0,1,51,0,2,5,2013,5,20,10,3,SR-21,,30.60128056,-96.5891,42,0,1,1,0,5,5,6,1,0
48,2013480946,480946,2,0,4,183,3680,2,5,2013,5,6,6,3,SR-42,FM 1252,32.43761667,-94.8621,12,6,2,2,0,1,4,10,1,1
48,2013480947,480947,1,0,3,407,0,2,5,2013,5,3,30,3,SR-156,,30.60423056,-95.151,42,0,1,1,0,5,2,1,1,1
48,2013480948,480948,1,1,2,85,4230,3,5,2013,6,16,7,5,CARIG DR,ELDORADO PKWY,33.17231667,-96.6439,8,0,3,2,0,1,1,1,1,0
48,2013480949,480949,1,0,2,157,0,3,5,2013,6,22,40,4,CR-POOL HILL RD,,29.70281667,-95.9444,1,0,1,1,0,4,2,1,1,1
48,2013480950,480950,2,0,4,201,0,3,5,2013,6,23,50,8,FM 525/ALDINE BENDER RD,HARDY RD,29.93293056,-95.3791,12,6,2,4,0,1,2,1,1,1
48,2013480951,480951,1,0,3,201,3280,3,5,2013,6,2,17,3,SR-288 SOUTH FWY,,29.62030833,-95.3873,1,0,18,1,0,1,2,1,1,1
48,2013480952,480952,1,1,2,215,0,3,5,2013,6,14,37,8,FM 88 TEXAS BLVD,,26.229325,-97.992,8,0,1,1,0,4,1,1,1,0
48,2013480953,480953,1,0,1,231,0,3,5,2013,6,9,23,3,SR-34,,32.86725556,-96.1487,24,0,1,1,0,4,1,1,1,0
48,2013480954,480954,2,0,3,459,0,3,5,2013,6,18,6,3,SR-155,,32.65653056,-95.0255,12,2,1,1,0,1,1,1,1,0
48,2013480955,480955,2,0,2,1,0,4,5,2013,7,4,34,2,US-287,,31.71959722,-95.5931,12,2,1,1,0,1,2,1,1,1
48,2013480956,480956,2,0,2,27,0,4,5,2013,7,16,29,8,FM 2268,,30.88623056,-97.4118,1,0,1,1,0,4,1,10,1,0
48,2013480957,480957,1,0,2,39,0,4,5,2013,7,23,53,8,FM 2917,,29.26926111,-95.1918,10,0,6,1,0,1,3,1,2,1
48,2013480958,480958,1,1,1,85,92,4,5,2013,7,11,49,5,MAIN ST,ARBOR RIDGE DR,33.10010556,-96.6239,15,0,2,2,0,1,1,1,1,0
48,2013480959,480959,4,0,4,121,1840,4,5,2013,7,6,20,1,I-35W,,33.15012222,-97.1942,12,8,1,1,0,1,4,1,2,1
48,2013480960,480960,1,0,1,149,0,4,5,2013,7,22,0,7,I-10,,29.69880556,-97.0483,24,0,1,1,0,4,2,1,1,1
48,2013480961,480961,3,0,5,157,5970,4,5,2013,7,4,35,7,US-59/SW FWY,,29.53193333,-95.7986,59,0,1,1,0,10,6,1,1,1
48,2013480962,480962,1,0,3,199,0,4,5,2013,7,2,40,4,CR-WHEELER RD,,30.26503056,-94.2383,42,0,1,1,0,4,3,1,3,1
48,2013480963,480963,2,0,3,213,2938,4,5,2013,7,9,33,3,SR-334/MAIN,,32.33075278,-96.1033,12,6,1,1,0,1,1,1,2,0
48,2013480964,480964,2,0,5,401,0,4,5,2013,7,19,40,3,SR-315,,31.96676944,-94.6609,12,6,1,1,0,1,5,1,3,0
48,2013480965,480965,1,0,1,29,6090,5,5,2013,1,21,0,3,SR-PA1502/WUZBACH,,29.55779167,-98.5181,33,0,1,1,0,3,1,1,1,0
48,2013480966,480966,1,0,2,29,6090,5,5,2013,1,21,58,1,I-35 RAMP,,29.42280278,-98.5018,25,0,5,1,0,4,2,1,1,1
48,2013480967,480967,1,0,1,31,0,5,5,2013,1,19,14,8,RM1623,,30.16035,-98.5612,38,0,1,1,0,4,5,1,1,1
48,2013480968,480968,1,0,5,75,0,5,5,2013,1,20,50,8,FM2530,,34.46025278,-100.189,35,0,1,1,0,4,2,1,1,1
48,2013480969,480969,2,0,5,113,1730,5,5,2013,1,2,47,8,SL12/NORTHWEST HWY,,32.85796389,-96.8621,12,2,1,1,0,1,3,1,1,1
48,2013480970,480970,1,1,2,113,1730,5,5,2013,1,2,30,1,I-45/JULIUS SCHEPPS FREEWAY,,32.69357222,-96.7499,8,0,1,1,0,1,3,1,1,1
48,2013480971,480971,1,1,1,113,1730,5,5,2013,1,20,30,3,SR-78 GARLAND RD,,32.86361667,-96.6711,8,0,1,1,0,1,3,1,1,0
48,2013480972,480972,1,0,2,113,1730,5,5,2013,1,2,23,1,I-635 LBJ FWY,,32.91693333,-96.7436,25,0,1,1,0,3,3,1,1,1
48,2013480973,480973,2,0,3,113,2310,5,5,2013,1,1,38,1,I-35E,,32.92189167,-96.8995,12,1,1,1,0,1,3,1,1,2
48,2013480974,480974,2,0,4,215,0,5,5,2013,1,18,25,4,CR-TOWER RD,CR-MILE 17 1/2 RD,26.31248889,-98.0869,12,6,2,2,0,1,1,1,1,0
48,2013480975,480975,1,0,1,329,0,5,5,2013,1,16,20,8,SL250,,32.05752222,-102.027,1,0,1,1,0,3,1,1,1,0
48,2013480976,480976,1,1,2,339,0,5,5,2013,1,16,30,8,FM1314,,30.25446944,-95.3973,8,0,1,1,0,1,1,1,1,0
48,2013480977,480977,1,0,1,453,0,5,5,2013,1,1,30,8,FM1626,,30.14291667,-97.8429,34,0,1,1,0,4,2,1,1,1
48,2013480978,480978,1,0,1,481,0,5,5,2013,1,1,30,2,US-59,,29.17330556,-96.308,24,0,1,1,0,3,3,1,1,0
48,2013480979,480979,1,0,2,91,0,6,5,2013,2,23,54,4,CR-RIVER RD,,29.7987,-98.1489,38,0,1,1,0,4,2,1,1,1
48,2013480980,480980,2,0,3,141,2190,6,5,2013,2,16,35,5,WESTWIND DR,,31.83985833,-106.532,12,6,1,1,0,1,1,1,1,0
48,2013480981,480981,1,0,2,339,0,6,5,2013,2,1,16,8,FM1774 MAGNOLIA BLVD,,30.18309722,-95.7042,42,0,1,1,0,4,2,1,1,1
48,2013480982,480982,1,0,1,237,0,7,5,2013,3,22,10,4,CR-GREEN ELM RD,,33.21301667,-97.9667,42,0,1,1,0,4,2,1,1,1
48,2013480983,480983,2,0,2,407,0,7,5,2013,3,16,13,3,SR-150,,30.57180556,-95.1424,12,6,8,1,0,1,1,1,1,0
48,2013480984,480984,1,0,3,451,0,7,5,2013,3,14,8,4,CR-BURMA RD,,31.541275,-100.687,34,0,1,1,0,4,1,1,1,1
48,2013480985,480985,1,1,1,453,330,7,5,2013,3,22,8,5,N LAMAR BLVD,,30.33478889,-97.7208,8,0,1,1,0,1,3,1,1,0
48,2013480986,480986,1,0,1,489,0,7,5,2013,3,3,40,3,SR-186,,26.51581389,-97.4548,1,0,1,1,0,4,2,1,1,1
48,2013480987,480987,2,0,2,147,3260,8,5,2013,4,14,20,2,US-82,,33.59689167,-95.9083,12,6,1,1,0,1,1,1,1,0
48,2013480988,480988,1,0,1,183,0,8,5,2013,4,6,53,4,CR-OLD LONGVIEW HWY,CR-TEXAS ST,32.529775,-94.9033,59,0,3,2,0,4,1,1,1,0
48,2013480989,480989,2,0,2,187,0,8,5,2013,4,20,45,8,FM725,,29.61929444,-98.0614,1,0,1,1,0,4,2,1,2,2
48,2013480990,480990,2,0,2,329,9997,8,5,2013,4,6,35,7,I-20,,31.89515278,-102.247,12,2,8,1,0,1,3,1,1,0
48,2013480991,480991,4,0,6,475,0,8,5,2013,4,14,35,1,I-20,,31.61156667,-102.83,12,6,1,1,0,1,1,1,1,0
48,2013480992,480992,1,0,3,15,6280,9,5,2013,5,2,47,7,I-10,,29.75983333,-96.2182,32,0,19,1,0,10,2,1,1,1
48,2013480993,480993,3,0,3,23,0,9,5,2013,5,12,59,2,US-277,,33.51228056,-99.4149,12,8,1,1,0,1,1,10,2,0
48,2013480994,480994,2,0,2,91,0,9,5,2013,5,15,29,3,SR-46,,29.81846667,-98.5305,12,6,1,1,0,1,1,2,1,0
48,2013480995,480995,2,0,4,279,6650,9,5,2013,5,21,9,2,US-84,,34.07167778,-102.531,12,6,1,1,0,1,1,6,2,1
48,2013480996,480996,1,0,1,375,0,9,5,2013,5,4,30,2,US-87,,35.55527222,-101.94,52,0,1,1,0,3,2,1,1,0
48,2013480997,480997,2,0,2,27,0,10,5,2013,6,8,11,3,SR-95,,30.89603056,-97.3819,12,2,1,1,0,1,1,2,1,0
48,2013480998,480998,2,0,2,29,6090,10,5,2013,6,22,10,1,I-10,,29.60177222,-98.6008,12,1,1,1,0,1,3,10,1,0
48,2013480999,480999,2,0,2,253,0,10,5,2013,6,14,24,2,US-83,,32.91025556,-100.134,12,6,1,1,0,4,1,2,1,0
48,2013481000,481000,3,0,5,329,4560,10,5,2013,6,9,47,1,I-20,,31.97235833,-102.073,12,1,18,1,1,1,1,10,1,0
48,2013481001,481001,1,0,1,29,6090,11,5,2013,7,5,58,7,I-10,MARTIN LUTHER KING,29.41328333,-98.4322,21,0,3,2,0,3,3,10,1,1
48,2013481002,481002,3,0,9,113,1730,11,5,2013,7,18,18,5,JIM MILLER RD,UMPHRESS RD,32.74144167,-96.7001,12,6,2,4,0,1,1,1,2,1
48,2013481003,481003,3,0,11,113,2800,11,5,2013,7,18,41,1,I-20,,32.67588611,-97.028,12,7,18,1,0,1,1,1,1,0
48,2013481004,481004,2,1,2,113,3420,11,5,2013,7,23,11,3,SR-161,,32.86803611,-97.0003,8,0,1,1,0,1,2,1,1,0
48,2013481005,481005,2,0,2,113,3420,11,5,2013,7,2,10,5,BELT LINE RD,,32.78341389,-96.9946,12,6,8,1,0,1,3,1,1,1
48,2013481006,481006,1,0,1,139,5132,11,5,2013,7,6,31,8,FM 664,,32.53200833,-96.8806,32,0,1,1,0,4,4,1,1,1
48,2013481007,481007,1,0,1,157,0,11,5,2013,7,3,24,4,CR-OLD RICHMOND,,29.63395,-95.6732,35,0,1,1,0,5,2,10,1,0
48,2013481008,481008,1,1,3,201,0,11,5,2013,7,21,50,4,CR-HUFFSMITH KUYJENDAHL RD,,30.11311667,-95.5805,8,0,1,1,0,1,2,1,1,0
48,2013481009,481009,1,1,1,257,0,11,5,2013,7,4,32,2,US-175,,32.52393056,-96.2713,8,0,1,1,0,1,2,1,1,0
48,2013481010,481010,1,0,1,373,0,11,5,2013,7,23,8,2,US-287,,30.95658889,-94.7056,42,0,1,1,1,4,2,1,1,1
48,2013481011,481011,2,0,3,439,2450,11,5,2013,7,17,15,5,N BEACH ST,,32.84915,-97.2902,59,0,1,1,0,3,1,1,1,0
48,2013481012,481012,1,1,1,439,2450,11,5,2013,7,19,0,5,RANDOL MILL RD,,32.76292222,-97.1617,9,0,1,1,0,1,1,1,1,0
48,2013481013,481013,1,1,1,453,330,11,5,2013,7,1,10,3,SR-71,,30.20844167,-97.6501,8,0,1,1,0,1,2,10,1,0
48,2013481014,481014,1,0,1,27,3690,12,5,2013,1,0,26,5,EDGEFIELD ST,ROBINETT RD,31.09918611,-97.7863,1,0,3,3,0,1,2,1,1,1
48,2013481015,481015,2,0,4,405,0,12,5,2013,1,13,10,3,SR-147,,31.48068611,-94.1372,12,8,1,1,0,1,1,10,1,0
48,2013481016,481016,1,1,1,409,240,12,5,2013,1,20,38,8,BS35L W WHEELER AVE,,27.92028889,-97.1694,8,0,1,1,0,1,3,1,1,0
48,2013481017,481017,1,0,2,415,0,12,5,2013,1,19,59,4,CR-MOUNTAIN VIEW DR,,32.63708333,-100.93,53,0,1,1,0,4,5,1,1,0
48,2013481018,481018,1,0,1,423,0,12,5,2013,1,23,25,4,CR-2177 MIXON RD,,32.14404444,-95.2011,42,0,1,1,0,4,2,1,1,0
48,2013481019,481019,3,0,7,5,1900,13,5,2013,2,14,40,2,US-59,,31.21318889,-94.7749,12,6,8,1,0,1,1,1,2,0
48,2013481020,481020,2,0,1,135,5030,13,5,2013,2,1,25,3,SR-191 E 42ND ST,,31.88465,-102.375,31,0,1,1,0,4,3,1,1,1
48,2013481021,481021,1,1,1,367,0,13,5,2013,2,6,29,4,CR-HILLTOP MEADOWS DR,,32.93253611,-97.641,8,0,1,1,0,1,4,10,1,0
48,2013481022,481022,1,0,2,381,0,13,5,2013,2,7,10,4,CR-OSAGE ST,,35.09587222,-101.813,43,0,1,1,0,4,1,1,1,0
48,2013481023,481023,3,0,4,439,260,13,5,2013,2,7,29,5,FIELDER RD,PARK ROW DR,32.72124167,-97.132,12,2,2,2,0,1,1,1,1,0
48,2013481025,481025,2,0,3,493,0,13,5,2013,2,13,27,8,FM 536,,29.12914722,-98.1848,12,2,1,1,0,1,1,1,1,1
48,2013481026,481026,2,0,2,499,0,13,5,2013,2,6,25,3,SR-37,CR-4919,32.84159167,-95.4053,12,6,2,3,0,1,1,1,1,0
48,2013481027,481027,1,0,3,29,6090,14,5,2013,3,6,40,3,SR-151,,29.43210833,-98.6341,1,0,5,1,0,1,4,10,1,0
48,2013481028,481028,1,0,1,37,0,14,5,2013,3,3,26,4,CR-BOWIE PARKWAY,,33.444,-94.2284,1,0,1,1,0,1,2,1,1,1
48,2013481029,481029,2,0,2,89,0,14,5,2013,3,11,24,2,US-90A,,29.50888611,-96.6385,12,8,1,1,0,1,1,1,1,0
48,2013481030,481030,2,0,3,113,2590,14,5,2013,3,5,21,3,SR-78,TOWN CENTER BLVD,32.95461111,-96.6179,12,6,2,3,0,1,3,1,1,1
48,2013481031,481031,1,0,2,277,0,14,5,2013,3,18,0,8,FM1500,,33.80323333,-95.6302,42,0,1,1,0,4,1,1,1,0
48,2013481032,481032,2,0,2,439,4300,14,5,2013,3,15,7,2,US-287,,32.58061944,-97.1309,31,0,1,1,0,3,1,1,1,0
48,2013481033,481033,1,0,1,347,0,15,5,2013,4,0,45,3,SR-7,,31.61458056,-94.5186,52,0,1,1,0,4,2,10,1,0
48,2013481034,481034,1,0,1,441,30,15,5,2013,4,0,32,8,FM1750,,32.42184167,-99.7079,33,0,1,1,0,4,2,10,1,0
48,2013481035,481035,1,0,4,161,0,16,5,2013,5,16,0,1,I-45,,31.64531389,-96.1592,43,0,1,1,0,3,1,1,1,0
48,2013481036,481036,2,0,2,201,3280,16,5,2013,5,11,23,2,US-59,,29.65220556,-95.5676,12,1,18,1,0,1,1,10,1,1
48,2013481037,481037,1,0,1,453,0,16,5,2013,5,23,47,4,CR-S IMPERIAL DR,,30.261025,-97.6298,1,0,1,1,0,4,2,10,1,1
48,2013481038,481038,1,1,1,473,0,16,5,2013,5,7,7,8,FM2855,,29.84605833,-95.8902,9,0,1,1,0,1,2,10,1,0
48,2013481039,481039,1,0,1,29,6090,17,5,2013,6,23,30,1,I-10 RAMP,,29.50495,-98.5492,23,0,5,1,0,4,2,1,1,1
48,2013481040,481040,2,0,2,185,0,17,5,2013,6,22,20,3,SR-90,,30.43143889,-96.0394,12,2,1,1,0,4,2,1,1,2
48,2013481041,481041,1,1,1,213,5238,17,5,2013,6,20,39,3,SR-198,,32.28959722,-96.1101,8,0,1,1,0,2,5,1,1,1
48,2013481042,481042,4,0,8,245,0,17,5,2013,6,11,20,8,FM 365,,29.91373333,-94.0691,12,6,1,1,0,1,1,1,1,0
48,2013481043,481043,1,1,1,329,4560,17,5,2013,6,23,40,5,MIDKIFF RD,WADLEY AVE,32.01970556,-102.125,8,0,3,2,0,1,3,1,1,1
48,2013481044,481044,1,0,1,339,1510,17,5,2013,6,1,7,7,I-45,,30.361625,-95.4842,43,0,19,1,0,4,2,1,1,0
48,2013481045,481045,1,0,1,341,0,17,5,2013,6,7,17,2,US-87,,35.86636944,-102.15,1,0,1,1,0,1,4,5,1,0