STATE,YEAR_ST_CASE,ST_CASE,VE_TOTAL,PEDS,PERSONS,COUNTY,CITY,DAY,MONTH,YEAR,DAY_WEEK,HOUR,MINUTE,ROUTE,TWAY_ID,TWAY_ID2,LATITUDE,LONGITUD,HARM_EV,MAN_COLL,RELJCT2,TYP_INT,WRK_ZONE,REL_ROAD,LGT_COND,WEATHER,FATALS,DRUNK_DR
48,2013481214,481214,1,0,1,167,3850,2,6,2013,1,3,29,7,I-45,,29.35118611,-94.9635,32,0,1,1,0,4,2,10,1,1
48,2013481215,481215,1,0,4,215,0,2,6,2013,1,0,15,4,CR-SEMINARY RD,,26.38811944,-98.162,34,0,1,1,0,4,2,1,1,1
48,2013481216,481216,2,0,3,229,0,2,6,2013,1,3,14,2,US-62,,31.81279722,-105.663,12,2,1,1,0,1,2,1,1,1
48,2013481217,481217,1,0,2,347,0,2,6,2013,1,19,55,8,FM1087,,31.82872222,-94.6325,1,0,1,1,0,4,1,1,2,0
48,2013481218,481218,2,0,2,467,0,2,6,2013,1,9,2,8,FM47,,32.46675,-96.0295,12,2,1,1,0,1,1,1,1,0
48,2013481219,481219,2,0,3,491,0,2,6,2013,1,14,22,8,FM1660,FM973,30.48035,-97.459,12,6,2,2,0,1,1,1,1,0
48,2013481220,481220,1,1,1,29,6090,3,6,2013,2,3,54,1,I-10 RAMP,,29.39554444,-98.5085,8,0,20,1,0,1,3,1,1,0
48,2013481221,481221,1,1,3,113,2590,3,6,2013,2,16,44,5,BROADWAY BLVD,E OATES RD,32.85759444,-96.6024,8,0,3,2,0,1,1,1,1,0
48,2013481222,481222,1,0,1,113,3880,3,6,2013,2,17,28,1,I-20 LBJ FWY,,32.64211389,-96.813,25,0,1,1,0,3,1,1,1,1
48,2013481223,481223,3,2,3,201,480,3,6,2013,2,12,40,1,I-10,,29.81063333,-94.9465,12,1,1,1,0,1,1,1,1,0
48,2013481224,481224,3,0,6,201,3280,3,6,2013,2,13,0,5,TIDWELL RD,HIRSCH RD,29.84815833,-95.3238,12,6,2,2,0,1,1,1,1,0
48,2013481225,481225,1,0,13,247,0,3,6,2013,2,6,9,3,SR-359,,27.32371944,-98.6528,1,0,1,1,0,1,4,1,1,0
48,2013481226,481226,1,0,1,329,0,3,6,2013,2,10,30,4,CR-FAIRGROUNDS RD,,32.00798333,-102.05,10,0,6,1,0,1,1,1,1,0
48,2013481228,481228,1,0,1,21,0,4,6,2013,3,12,17,3,SR-95,,30.21703889,-97.3153,32,0,1,1,0,4,1,1,1,0
48,2013481229,481229,1,0,2,27,0,4,6,2013,3,2,19,2,US-190,,31.11974722,-97.7682,24,0,1,1,1,4,2,1,1,1
48,2013481230,481230,3,0,6,61,3030,4,6,2013,3,7,0,5,W BUCHANAN ST,H ST,26.18431944,-97.7044,12,6,2,2,0,1,1,1,1,0
48,2013481231,481231,3,0,7,155,0,4,6,2013,3,12,5,2,US-70,,33.98273056,-99.6314,12,1,1,1,0,1,1,1,1,0
48,2013481232,481232,2,0,2,177,0,4,6,2013,3,15,45,2,US-183,CR-197,29.47066944,-97.4439,1,0,8,1,0,1,1,1,1,0
48,2013481233,481233,2,0,2,201,0,4,6,2013,3,15,13,7,SL 8,,29.92158889,-95.2005,12,1,1,1,0,1,1,1,1,0
48,2013481234,481234,3,2,5,215,50,4,6,2013,3,15,5,2,US-83,,26.18643056,-98.0866,14,0,1,1,0,2,1,1,1,0
48,2013481235,481235,2,0,3,245,1312,4,6,2013,3,18,30,2,US-90,ORANGE ST,30.04774722,-94.334,12,6,2,3,0,1,1,1,2,0
48,2013481236,481236,1,0,2,267,0,4,6,2013,3,10,13,1,I-10,,30.49598056,-100.004,1,0,1,1,0,3,1,1,1,0
48,2013481237,481237,2,0,2,401,3120,4,6,2013,3,12,14,2,US-79,,32.13345278,-94.8023,12,6,8,1,0,1,1,10,1,0
48,2013481238,481238,2,0,3,421,0,4,6,2013,3,14,41,2,US-54,,36.46028056,-101.855,12,2,1,1,1,1,1,1,2,0
48,2013481239,481239,2,0,2,497,0,4,6,2013,3,16,15,2,US-81/287,CR-1596,33.38934722,-97.7239,12,6,7,1,0,1,1,1,1,0
48,2013481240,481240,2,0,2,13,0,5,6,2013,4,13,45,3,SR-97,SP 162,28.9202,-98.5882,12,6,2,3,0,1,1,1,1,0
48,2013481241,481241,2,0,4,49,0,5,6,2013,4,8,12,8,FM-2632,,31.78923056,-99.0495,12,2,1,1,0,1,1,1,1,0
48,2013481242,481242,1,0,3,113,1730,5,6,2013,4,5,47,1,I-35 RAMP,,32.78716944,-96.8127,59,0,5,1,0,10,3,1,2,0
48,2013481243,481243,2,0,4,21,0,6,6,2013,5,15,41,2,US-290,,30.29665,-97.2706,12,6,1,1,0,1,1,1,1,1
48,2013481244,481244,3,0,6,85,200,6,6,2013,5,13,23,3,SR-121,,33.32553889,-96.4925,12,6,1,1,0,1,1,2,1,0
48,2013481245,481245,2,0,2,113,1730,6,6,2013,5,7,32,1,I-635,,32.89784167,-96.7144,12,6,1,1,0,1,1,2,1,0
48,2013481246,481246,2,0,3,183,4080,6,6,2013,5,12,32,8,SS 502,HAWKINS PKWY,32.54670278,-94.7491,1,0,3,2,0,1,1,2,1,0
48,2013481247,481247,2,0,5,213,300,6,6,2013,5,14,26,2,US-175,,32.22800556,-95.8161,12,6,18,1,0,1,1,2,1,0
48,2013481248,481248,1,0,1,287,2640,6,6,2013,5,23,51,5,ORANGE ST,INDUSTRY ST,30.17881111,-96.9308,42,0,3,2,0,4,3,1,1,1
48,2013481249,481249,2,0,2,309,0,6,6,2013,5,11,43,8,FM 2113,,31.402675,-97.2839,12,6,8,1,0,1,1,1,1,0
48,2013481250,481250,2,0,3,347,2600,6,6,2013,5,13,30,2,US-59,,31.82701389,-94.4893,12,6,1,1,0,1,1,10,1,0
48,2013481251,481251,1,1,1,355,1550,6,6,2013,5,23,25,5,CRUISER ST,,27.59006111,-97.2262,18,0,1,1,0,7,3,1,1,0
48,2013481252,481252,2,0,4,423,0,6,6,2013,5,9,53,8,FM 279,,32.36574167,-95.4504,12,6,1,1,0,1,1,2,1,0
48,2013481253,481253,4,1,3,439,2850,6,6,2013,5,13,48,3,SR-114,,32.93229167,-97.0378,14,0,1,1,1,2,1,10,1,0
48,2013481254,481254,1,0,2,491,0,6,6,2013,5,21,58,4,CR-279,,30.64891944,-97.9104,31,0,1,1,0,4,2,1,1,1
48,2013481255,481255,3,0,2,29,6090,7,6,2013,6,16,36,5,PALO ALTO,,29.35083056,-98.5523,12,2,8,1,0,1,1,10,1,0
48,2013481256,481256,2,0,2,113,1730,7,6,2013,6,17,10,5,MARTIN LUTHER KING JR BLVD,HOLMES ST,32.76073611,-96.7782,12,6,2,2,0,1,1,1,1,0
48,2013481257,481257,1,0,2,113,2800,7,6,2013,6,20,36,3,SR-180 MAIN ST,,32.74946944,-96.9329,24,0,1,1,1,4,5,1,1,0
48,2013481258,481258,2,0,4,127,0,7,6,2013,6,4,15,2,US-83,,28.63686944,-99.8442,12,2,1,1,0,1,2,10,3,1
48,2013481259,481259,2,0,2,217,0,7,6,2013,6,6,5,3,SR-31,,31.75867222,-96.8896,12,2,1,1,0,1,4,10,1,0
48,2013481260,481260,2,0,6,493,0,7,6,2013,6,6,33,3,SR-119,,29.15624444,-97.8295,24,0,1,1,0,4,4,1,1,0
48,2013481261,481261,2,0,3,501,0,7,6,2013,6,12,42,2,US-82,FM769 STATE LINE RD,33.08933333,-103.063,12,6,2,2,0,1,1,1,2,0
48,2013481262,481262,1,0,1,9,0,8,6,2013,7,18,29,3,SR-25,,33.59173611,-98.5967,34,0,1,1,0,4,1,1,1,1
48,2013481263,481263,1,0,1,121,0,8,6,2013,7,10,47,8,FM455,,33.35817222,-97.2678,1,0,1,1,0,4,1,1,1,1
48,2013481264,481264,1,0,4,143,0,8,6,2013,7,5,10,2,US-281,,32.03157778,-98.082,1,0,19,1,0,3,2,1,1,0
48,2013481265,481265,1,1,1,167,0,8,6,2013,7,0,37,8,SL108,CR-BROADWAY,29.39854167,-94.7406,8,0,2,3,0,1,2,10,1,0
48,2013481266,481266,1,1,1,201,0,8,6,2013,7,5,30,8,FM1960,,29.99946111,-95.22,8,0,1,1,0,1,2,10,1,0
48,2013481267,481267,1,1,1,201,0,8,6,2013,7,16,46,3,SR-6,,29.6984,-95.6439,9,0,1,1,0,2,1,10,1,1
48,2013481268,481268,3,0,5,201,0,15,6,2013,7,23,13,3,SR-6,,29.89045556,-95.6417,12,1,1,1,0,1,3,1,1,1
48,2013481269,481269,2,0,3,215,0,8,6,2013,7,19,45,7,US-83,SILVER SPUR,26.23758056,-98.4049,12,6,2,3,0,1,1,1,1,0
48,2013481270,481270,2,0,2,291,0,8,6,2013,7,5,48,8,FM1010,,30.24778056,-95.0891,12,2,1,1,0,1,2,1,1,0
48,2013481271,481271,1,0,3,411,0,8,6,2013,7,4,10,8,RM 501,,30.99894167,-98.6075,35,0,1,1,0,4,2,1,1,1
48,2013481272,481272,2,0,2,201,0,16,6,2013,1,20,50,4,CR-VETERANS MEMORIAL DR,,29.97500833,-95.4886,12,6,8,1,0,1,5,10,1,0
48,2013481273,481273,1,0,1,113,1730,9,6,2013,1,20,10,5,MASTERS DR,,32.73169167,-96.6483,30,0,1,1,0,4,1,1,1,1
48,2013481274,481274,3,1,3,113,1730,9,6,2013,1,5,30,1,I-30,,32.79625,-96.6901,8,0,1,1,0,1,3,1,1,0
48,2013481275,481275,1,1,1,201,0,9,6,2013,1,20,45,4,CR-MAGNOLIA AVE,,29.86677222,-95.0701,8,0,1,1,0,1,2,1,1,0
48,2013481276,481276,1,0,1,223,0,9,6,2013,1,2,55,8,FM 2297,,33.06019722,-95.6186,1,0,1,1,0,4,2,1,1,1
48,2013481277,481277,1,0,3,349,0,9,6,2013,1,1,10,1,I-45,,31.98667222,-96.4247,11,0,1,1,0,1,2,1,1,0
48,2013481278,481278,1,0,1,401,0,9,6,2013,1,13,49,2,US-259,CR-186,32.35613889,-94.854,21,0,1,1,0,4,1,1,1,0
48,2013481279,481279,3,0,7,439,4300,9,6,2013,1,17,31,5,BROAD ST,LOWES FARM PKWY,32.58110833,-97.0696,12,2,2,3,0,1,1,1,2,0
48,2013481280,481280,1,1,1,477,0,9,6,2013,1,1,13,8,FM 1370,,30.31500278,-96.1615,8,0,1,1,0,1,2,10,1,0
48,2013481281,481281,2,0,2,201,3280,10,6,2013,2,2,35,1,I-45/GULF FWY,,29.62606944,-95.2268,12,2,1,1,0,1,3,1,2,1
48,2013481282,481282,1,0,1,215,0,10,6,2013,2,0,5,4,CR-MILE 12 NORTH RD,,26.22895,-97.9343,30,0,1,1,0,4,2,1,1,1
48,2013481283,481283,2,0,3,373,0,10,6,2013,2,20,50,8,FM3277,,30.72615278,-95.0978,12,6,8,1,0,1,2,1,1,1
48,2013481284,481284,2,0,2,127,0,11,6,2013,3,7,4,2,US-83,,28.58101944,-99.8373,1,0,1,1,0,1,1,10,1,0
48,2013481285,481285,1,0,3,201,3280,11,6,2013,3,10,15,1,I-45/GULF FWY,,29.553575,-95.1544,24,0,19,1,0,4,1,10,2,0
48,2013481286,481286,1,1,2,291,0,11,6,2013,3,10,2,8,FM1409,,29.98488056,-94.856,9,0,1,1,0,1,1,1,1,0
48,2013481287,481287,2,0,2,385,0,11,6,2013,3,15,55,3,SR-41,,30.06678889,-99.7194,12,6,1,1,0,1,1,1,1,0
48,2013481288,481288,1,0,1,401,0,11,6,2013,3,14,20,8,FM1249,,32.33169167,-94.7767,1,0,1,1,0,1,1,1,1,1
48,2013481289,481289,1,0,1,439,2450,11,6,2013,3,6,0,1,I-820/NORTHEAST/JIM WRIGHT FWY,,32.83948333,-97.3237,1,0,1,1,0,3,1,1,1,0
48,2013481290,481290,1,0,1,29,6090,12,6,2013,4,6,20,1,I-410/LOOP 410 HWY,,29.32210278,-98.6166,24,0,1,1,0,10,4,2,1,0
48,2013481291,481291,1,0,1,91,0,12,6,2013,4,23,14,4,CR-W AMMANN RD,,29.76941944,-98.5588,43,0,1,1,0,4,2,10,1,0
48,2013481292,481292,2,0,2,113,1730,12,6,2013,4,7,38,2,US-75 N CENTRAL EXPY,,32.93343611,-96.7536,12,99,1,1,0,1,1,1,1,0
48,2013481293,481293,2,0,2,113,1730,12,6,2013,4,0,31,5,MILLER RD,PLANO RD,32.89455556,-96.7005,12,6,2,2,0,1,3,1,1,0
48,2013481294,481294,2,0,3,225,0,12,6,2013,4,5,25,3,SR-19,,31.10450556,-95.4335,12,2,1,1,0,1,2,1,3,0
48,2013481295,481295,2,0,3,227,0,12,6,2013,4,18,20,3,SR-350,,32.47748611,-101.221,12,2,1,1,0,1,1,1,1,0
48,2013481296,481296,1,0,2,249,0,12,6,2013,4,0,12,2,US-281,,27.60392222,-98.0898,1,0,1,1,0,4,2,1,1,0
48,2013481297,481297,1,0,1,423,0,12,6,2013,4,22,5,3,SR-64,,32.24122778,-95.0474,32,0,1,1,0,4,2,1,1,1
48,2013481299,481299,2,0,3,499,0,12,6,2013,4,12,7,2,US-69,FM779,32.73026944,-95.5473,12,6,2,2,0,1,1,1,1,0
48,2013481300,481300,1,0,1,229,0,13,6,2013,5,5,53,1,I-10,,31.06778056,-104.997,52,0,1,1,0,4,2,1,1,0
48,2013481301,481301,1,0,1,299,0,13,6,2013,5,12,45,3,SR-71,,30.86014444,-98.8292,38,0,1,1,0,4,1,1,1,0
48,2013481302,481302,2,0,3,339,1510,13,6,2013,5,7,13,1,I-45,,30.29143056,-95.4639,12,1,1,1,0,1,1,1,1,0
48,2013481303,481303,2,0,2,457,0,13,6,2013,5,15,10,2,US-190,,30.81223889,-94.3345,12,2,1,1,0,1,1,1,1,0
48,2013481304,481304,2,0,2,1,0,14,6,2013,6,9,40,8,FM645,CR-2223,31.81741389,-95.8341,12,6,2,3,0,1,1,1,1,0
48,2013481305,481305,1,0,4,61,940,14,6,2013,6,13,55,2,US-77,,26.06544722,-97.569,1,0,1,1,0,1,1,1,2,0
48,2013481306,481306,2,0,2,113,1730,14,6,2013,6,8,10,8,SL12,,32.72547222,-96.9178,12,6,1,1,0,1,1,1,1,0
48,2013481307,481307,2,0,2,201,0,14,6,2013,6,13,0,4,CR-CYPRESS ROSEHILL RD,,30.05322222,-95.6974,12,6,8,1,0,1,1,1,1,0
48,2013481309,481309,1,0,3,19,0,15,6,2013,7,19,48,3,SR-16,,29.74463889,-99.0059,1,0,1,1,0,4,1,1,2,1
48,2013481310,481310,2,0,9,29,6090,15,6,2013,7,22,6,1,I-35,,29.35875,-98.5244,12,7,1,1,0,1,3,10,1,0
48,2013481311,481311,2,0,7,39,2490,15,6,2013,7,3,48,5,LOCUST ST,8TH ST,28.94868889,-95.3633,12,6,2,2,0,1,3,1,2,1
48,2013481312,481312,1,0,2,113,1730,15,6,2013,7,0,50,1,I-35E STEMMONS FWY,,32.81155833,-96.85,33,0,1,1,0,4,2,10,1,1
48,2013481313,481313,1,1,1,121,6881,15,6,2013,7,15,59,7,SR-121,,33.06831111,-96.8846,8,0,1,1,0,1,1,10,1,0
48,2013481315,481315,3,0,10,231,0,15,6,2013,7,12,25,1,I-30,,33.01866111,-96.2053,12,1,18,1,0,1,1,1,1,0
48,2013481316,481316,1,0,2,277,5220,15,6,2013,7,20,52,2,US-271 MAIN ST,STONE AVE,33.69166944,-95.5541,46,0,3,3,0,3,3,2,2,0
48,2013481317,481317,1,0,1,435,0,15,6,2013,7,11,55,4,CR-202 / BOND RD,,30.58666944,-100.624,38,0,1,1,0,4,1,10,1,0
48,2013481318,481318,1,0,2,439,2450,15,6,2013,7,23,20,5,RIVERSIDE DR,,32.74180278,-97.303,23,0,19,1,0,4,3,1,1,1
48,2013481319,481319,2,1,1,29,6090,16,6,2013,1,23,5,1,I-10,,29.49030556,-98.5462,12,1,18,1,0,1,3,1,1,0
48,2013481320,481320,2,0,7,29,6090,16,6,2013,1,18,3,5,CULEBRA RD,,29.45004167,-98.5792,12,6,1,1,0,1,1,1,4,0
48,2013481321,481321,1,1,1,201,3280,16,6,2013,1,20,43,5,WIRT RD,,29.80459167,-95.4849,8,0,1,1,0,1,3,1,1,0
48,2013481322,481322,2,0,2,401,0,16,6,2013,1,0,34,2,US-79,,32.11121111,-94.8437,12,6,1,1,0,1,2,1,1,1
48,2013481323,481323,2,1,2,439,2450,16,6,2013,1,4,17,5,RACE ST,,32.77311944,-97.3074,8,0,1,1,0,1,2,1,1,0
48,2013481324,481324,1,0,1,353,0,17,6,2013,2,20,53,1,I-20,,32.445475,-100.507,24,0,1,1,0,4,2,2,1,0
48,2013481325,481325,1,0,2,407,6344,17,6,2013,2,16,49,8,SL 424,,30.50089444,-94.9948,40,0,1,1,0,4,1,1,1,0
48,2013481326,481326,1,0,1,251,0,18,6,2013,3,12,30,2,US-67,,32.28626667,-97.5921,1,0,1,1,0,4,1,1,1,0
48,2013481327,481327,2,0,2,473,0,18,6,2013,3,17,11,8,FM 1488,,30.1643,-95.9396,12,6,1,1,0,1,1,2,1,0
48,2013481328,481328,1,0,1,401,0,19,6,2013,4,10,22,3,SR-64,,32.16775,-94.8609,1,0,1,1,0,1,1,1,1,0
48,2013481329,481329,1,0,1,457,0,19,6,2013,4,22,20,2,US-69,,30.58373056,-94.4012,1,0,1,1,0,4,2,1,1,0
48,2013481330,481330,1,0,1,201,3280,20,6,2013,5,5,15,5,SKYLINE DR,,29.72829167,-95.4865,43,0,1,1,0,4,3,1,1,1
48,2013481331,481331,1,0,1,339,0,20,6,2013,5,17,55,4,CR-NICHOLS SAWMILL RD,,30.12365278,-95.7714,30,0,1,1,0,4,1,1,1,1
48,2013481332,481332,1,0,1,401,0,20,6,2013,5,19,16,3,SR-43,,32.24565833,-94.6511,24,0,1,1,0,4,1,1,1,0
48,2013481333,481333,1,0,5,405,0,20,6,2013,5,9,0,8,FM1277,,31.33039722,-94.2817,32,0,1,1,0,4,1,1,2,0
48,2013481334,481334,3,0,3,29,6090,21,6,2013,6,11,40,7,I-410,FM2252,29.51639722,-98.4111,12,1,3,2,0,1,1,1,1,0
48,2013481335,481335,1,0,1,215,4197,21,6,2013,6,11,38,5,W UVALDE AVE,,26.18636667,-98.2459,33,0,1,1,0,4,1,1,1,0
48,2013481336,481336,1,1,1,201,3280,22,6,2013,7,6,47,5,W GREENS RD,,29.94629167,-95.4325,8,0,1,1,0,4,1,1,1,0
48,2013481337,481337,1,1,1,29,6090,23,6,2013,1,23,55,1,I-35,,29.51180278,-98.3973,8,0,1,1,0,1,3,1,1,0
48,2013481338,481338,2,0,4,201,3280,23,6,2013,1,18,25,8,UA90 RAMP S MAIN ST,,29.63489167,-95.4966,33,0,5,1,0,4,1,1,1,1
48,2013481339,481339,1,1,1,251,0,23,6,2013,1,17,0,3,SR-174,,32.30378611,-97.3871,8,0,1,1,0,1,1,1,1,0
48,2013481341,481341,1,1,1,29,6090,24,6,2013,2,8,41,5,WURZBACH RD,,29.50831667,-98.581,8,0,1,1,0,4,1,1,1,0
48,2013481342,481342,2,0,2,483,6330,16,3,2013,7,18,29,2,US-83/MAIN ST,BI-40/12TH ST,35.22645,-100.249,12,6,2,2,0,1,1,1,1,0
48,2013481343,481343,1,0,1,29,6090,30,3,2013,7,23,47,8,SL-353/NEW LAREDO HWY,,29.35330278,-98.5663,59,0,1,1,0,4,3,1,1,0
48,2013481344,481344,1,0,1,213,6314,30,3,2013,7,15,34,8,FM85/CEDER CREEK PKWY,,32.32169444,-96.2443,34,0,1,1,0,4,1,1,1,0
48,2013481345,481345,2,0,4,355,1550,20,4,2013,7,23,22,7,I-37/ANTELOPE ST,PORT AVE,27.79756944,-97.4147,12,6,2,2,0,1,3,10,1,2
48,2013481346,481346,1,1,1,201,3280,15,5,2013,4,0,5,5,WOOLWORTH,,29.77677222,-95.3085,8,0,1,1,0,1,2,1,1,0
48,2013481347,481347,2,0,2,141,2190,23,5,2013,5,5,25,1,I-10,,31.74587778,-106.335,12,1,1,1,0,1,1,1,1,0
48,2013481348,481348,1,0,2,245,4840,23,5,2013,5,2,29,5,CANAL AVE,,29.97608889,-94.0094,34,0,1,1,0,4,3,1,1,1
48,2013481349,481349,2,0,5,201,3280,25,5,2013,7,2,45,5,PIERCE ST,DOWLING ST,29.74220278,-95.3589,12,6,2,2,0,1,3,1,1,0
48,2013481350,481350,1,0,2,273,0,25,5,2013,7,2,10,2,US-77,,27.29425,-97.8131,1,0,1,1,0,3,2,10,1,1
48,2013481351,481351,1,1,4,113,1730,26,5,2013,1,0,1,2,US-75/CENTRAL EXPY,,32.93083611,-96.7572,8,0,1,1,0,1,3,1,1,0
48,2013481352,481352,1,0,1,309,7210,28,5,2013,3,1,58,7,SR-6/SL340,,31.49648333,-97.1576,33,0,1,1,0,4,3,1,1,1
48,2013481353,481353,1,0,1,303,4140,1,6,2013,7,0,59,2,US-62/MARSHA SHARP FWY,,33.55287778,-101.94,23,0,19,1,0,3,3,1,1,1
48,2013481354,481354,2,0,3,361,885,1,6,2013,7,8,33,8,FM1442/ROUNDBUNCH RD,,30.06451389,-93.9038,12,2,1,1,0,1,1,10,1,1
48,2013481355,481355,2,0,2,141,2190,5,6,2013,4,23,21,5,ZARAGOZA RD,SAUL KLEINFIELD,31.75606389,-106.274,12,6,2,2,0,1,3,10,1,0
48,2013481356,481356,2,0,4,113,387,6,6,2013,5,22,5,1,I-20,,32.69113056,-96.6322,12,1,18,1,0,1,3,1,1,0
48,2013481357,481357,1,0,1,199,0,6,6,2013,5,16,0,8,FM770,,30.29358056,-94.4836,32,0,1,1,0,4,1,1,1,0
48,2013481358,481358,2,0,2,141,9997,8,6,2013,7,0,6,1,I-10,,31.61513333,-106.205,12,1,1,1,0,1,2,1,1,0
48,2013481359,481359,1,1,1,113,6260,9,6,2013,1,20,34,7,US-175/CF HAWN FWY,,32.66665833,-96.5811,8,0,1,1,0,1,1,1,1,0
48,2013481360,481360,1,0,2,225,0,9,6,2013,1,19,27,8,FM1280,,31.13893889,-95.4187,42,0,1,1,0,4,1,1,1,1
48,2013481362,481362,2,0,7,139,7270,11,6,2013,3,19,22,8,FM 877,,32.36386111,-96.8401,12,8,1,1,0,1,1,1,1,1
48,2013481363,481363,2,0,2,375,150,11,6,2013,3,16,28,2,US-60,,35.22197222,-101.776,12,6,8,1,0,1,1,1,1,0
48,2013481364,481364,1,1,1,113,2590,12,6,2013,4,16,55,5,COUNTRY CLUB RD,MERIDIAN WAY,32.92699722,-96.6138,9,0,2,3,0,1,1,1,1,0
48,2013481365,481365,1,1,1,489,0,12,6,2013,4,23,46,8,BU 77,,26.45678333,-97.7863,8,0,1,1,0,2,2,1,1,0
48,2013481366,481366,1,0,1,201,480,13,6,2013,5,1,16,7,I-10,CROSBY CEDAR BAYOU,29.80813611,-94.9621,39,0,3,3,0,10,2,1,1,0
48,2013481367,481367,1,0,1,237,3460,13,6,2013,5,8,10,2,US-281,,33.19511111,-98.1444,53,0,1,1,0,4,1,1,1,0
48,2013481368,481368,1,0,1,389,0,13,6,2013,5,1,10,4,CR-409,CR-411,31.40467222,-103.612,1,0,1,1,0,4,2,1,1,1
48,2013481369,481369,1,0,1,453,330,13,6,2013,5,21,55,5,CITY PARK RD,,30.36397222,-97.8068,38,0,1,1,0,4,2,1,1,1
48,2013481370,481370,1,0,1,453,330,13,6,2013,5,5,34,5,BURNET RD,,30.33156111,-97.74,30,0,1,1,0,4,3,1,1,0
48,2013481371,481371,1,0,2,453,330,13,6,2013,5,1,20,7,I-35,,30.19229722,-97.7685,33,0,5,1,0,8,3,1,1,1
48,2013481372,481372,1,1,1,37,6850,14,6,2013,6,0,40,5,GRADY T WALLACE PARK RD,,33.38417778,-94.0881,8,0,4,1,0,1,3,1,1,0
48,2013481373,481373,2,0,2,39,1395,14,6,2013,6,4,49,7,SR-288/332,DIXIE DR,29.01023056,-95.4204,33,0,3,2,0,3,2,1,1,1
48,2013481374,481374,2,0,4,135,5030,14,6,2013,6,22,52,8,FM1882 S COUNTY RD WEST,,31.817225,-102.382,12,1,8,1,0,1,3,1,1,1
48,2013481375,481375,1,0,2,265,3670,14,6,2013,6,21,53,3,SR-16 S SIDNEY BAKER ST,,30.01513333,-99.1415,42,0,1,1,0,4,2,2,1,0
48,2013481376,481376,1,0,1,73,0,15,6,2013,7,21,0,8,FM343,,31.78677222,-95.0335,1,0,1,1,0,4,2,10,1,1
48,2013481377,481377,3,0,5,201,0,17,6,2013,2,13,40,4,CR-KUYKENDAHL RD,,30.06332222,-95.5012,12,1,8,1,0,1,1,1,1,0
48,2013481378,481378,1,0,2,113,2590,15,6,2013,7,0,46,5,BOBBIE LN,,32.92045833,-96.6891,5,0,1,1,0,1,3,1,1,0
48,2013481379,481379,2,0,4,135,0,15,6,2013,7,23,45,1,I-20,,31.80653333,-102.441,12,1,1,1,0,1,2,1,1,1
48,2013481380,481380,2,0,3,141,9997,15,6,2013,7,4,8,8,FM258 SOCORRO RD,,31.62870833,-106.292,12,8,1,1,0,1,3,10,1,2
48,2013481381,481381,1,0,5,5,0,16,6,2013,1,13,30,2,US-69,,31.20060833,-94.4741,1,0,1,1,0,4,1,1,1,0
48,2013481382,481382,1,0,1,89,0,16,6,2013,1,0,10,8,FM-155,,29.6501,-96.7714,1,0,1,1,0,4,2,1,1,1
48,2013481383,481383,1,1,2,201,0,16,6,2013,1,22,50,8,FM 1960,,29.91776667,-95.6136,8,0,1,1,0,1,2,1,1,0
48,2013481384,481384,2,0,7,201,3280,16,6,2013,1,16,40,7,US-59,MCGOWEN ST,29.74004722,-95.3652,12,6,2,2,0,1,1,1,1,1
48,2013481385,481385,1,2,1,29,6090,17,6,2013,2,9,10,5,RAY ELLISON BLVD,,29.39195278,-98.6566,8,0,1,1,0,2,1,10,1,0
48,2013481386,481386,1,0,2,61,0,17,6,2013,2,1,30,8,FM 1847,,26.2414,-97.4613,30,0,1,1,0,4,3,1,1,1
48,2013481387,481387,1,0,1,71,0,17,6,2013,2,21,20,4,CR-US ARMY CORPS RD,,29.822,-94.7382,57,0,1,1,0,4,2,1,1,0
48,2013481388,481388,1,0,1,113,1730,17,6,2013,2,1,45,7,I-635,US-75,32.92501389,-96.7642,1,0,3,2,0,1,3,1,1,0
48,2013481389,481389,2,0,2,453,330,18,6,2013,3,6,3,5,GUADALUPE ST,,30.30458611,-97.737,12,6,8,1,0,1,3,10,1,0
48,2013481390,481390,2,0,2,115,0,19,6,2013,4,22,10,3,SR-349,,32.66918611,-101.969,12,2,1,1,0,1,2,2,1,1