STATE,YEAR_ST_CASE,ST_CASE,VE_TOTAL,PEDS,PERSONS,COUNTY,CITY,DAY,MONTH,YEAR,DAY_WEEK,HOUR,MINUTE,ROUTE,TWAY_ID,TWAY_ID2,LATITUDE,LONGITUD,HARM_EV,MAN_COLL,RELJCT2,TYP_INT,WRK_ZONE,REL_ROAD,LGT_COND,WEATHER,FATALS,DRUNK_DR
48,2013481735,481735,2,0,6,255,0,29,7,2013,2,13,27,3,SR-72,,28.86531389,-97.7249,14,0,1,1,0,2,1,1,1,0
48,2013481736,481736,1,0,1,299,0,29,7,2013,2,0,32,3,SR-29,,30.76839167,-98.5456,38,0,1,1,0,4,2,1,1,1
48,2013481737,481737,1,0,1,353,6720,29,7,2013,2,10,30,1,I-20,,32.48215556,-100.359,31,0,5,1,0,10,1,10,1,0
48,2013481738,481738,2,4,1,439,2450,29,7,2013,2,1,20,1,I-820,,32.75361667,-97.4791,8,0,1,1,0,2,2,1,2,0
48,2013481739,481739,1,0,4,351,0,30,7,2013,3,15,5,4,CR-4570,,30.63879722,-93.7086,5,0,1,1,0,1,1,1,1,0
48,2013481740,481740,1,0,2,367,5705,30,7,2013,3,7,15,8,FM2257 KNOB HILL RD,,32.97954444,-97.6097,32,0,1,1,0,4,1,10,1,0
48,2013481741,481741,1,0,4,371,0,31,7,2013,4,2,30,1,I-10,,30.8924,-102.389,1,0,1,1,0,1,2,1,1,0
48,2013481742,481742,1,1,1,491,0,31,7,2013,4,5,49,7,I-35,,30.76875,-97.6277,8,0,1,1,0,1,2,1,1,0
48,2013481743,481743,1,0,1,53,4310,28,5,2013,3,11,48,8,FM1431,,30.59130556,-98.2961,33,0,1,1,0,4,1,1,1,0
48,2013481744,481744,1,0,1,479,3899,1,6,2013,7,7,14,8,FM1472/MINES RD,,27.65348056,-99.6144,1,0,1,1,0,4,2,1,1,0
48,2013481745,481745,2,1,3,245,5430,8,6,2013,7,3,57,5,PROCTOR ST,,29.89523333,-93.9128,8,0,1,1,0,1,3,10,1,0
48,2013481746,481746,1,0,2,281,0,12,6,2013,4,15,19,2,US-281,,31.0877,-98.1885,35,0,1,1,0,4,1,1,1,0
48,2013481747,481747,2,0,3,479,3899,15,6,2013,7,6,48,8,SL-20/BOB BULLOCK LOOP,CLARK BLVD,27.51666667,-99.4488,12,6,2,2,0,1,1,1,1,1
48,2013481748,481748,1,0,1,245,4840,2,7,2013,3,20,8,2,US-69,,29.96753056,-94.0204,25,0,1,1,0,3,1,1,1,0
48,2013481749,481749,1,0,1,201,0,11,7,2013,5,1,4,7,I-45,,30.06769167,-95.4351,33,0,1,1,0,4,2,1,1,0
48,2013481750,481750,1,0,1,201,0,14,7,2013,1,19,56,4,CR-CLAY RD,,29.83481389,-95.6553,42,0,1,1,0,3,2,2,1,1
48,2013481751,481751,2,0,3,451,0,14,7,2013,1,16,3,8,FM1692 N HEDWIG RD,BLEDSOE RD,31.45939722,-100.141,12,6,2,2,0,1,1,1,1,0
48,2013481752,481752,2,0,2,453,330,16,7,2013,3,12,4,7,US-183 RESEARCH BLVD,DUVAL RD,30.41905833,-97.7464,12,6,2,2,0,1,1,1,1,0
48,2013481753,481753,2,0,2,453,330,19,7,2013,6,12,34,8,FM969 E M L KING JR BLVD,,30.28596111,-97.6674,12,2,1,1,0,1,1,1,1,0
48,2013481754,481754,2,0,2,453,330,19,7,2013,6,21,59,8,FM2304 MANCHACA RD,,30.16462222,-97.8294,12,6,8,1,0,1,3,1,1,0
48,2013481755,481755,1,0,1,309,4095,21,7,2013,1,21,53,1,I-35,,31.39496944,-97.209,26,0,1,1,1,4,2,1,1,0
48,2013481756,481756,2,0,2,453,330,21,7,2013,1,3,21,5,MCCALLEN PASS DR,,30.40318056,-97.669,12,2,1,1,0,1,2,1,1,1
48,2013481757,481757,1,0,7,479,0,24,7,2013,4,23,45,3,SR-359,,27.46282778,-99.1714,38,0,1,1,0,4,2,1,1,0
48,2013481758,481758,2,0,2,453,330,25,7,2013,5,7,15,8,RM620,,30.45029167,-97.8298,12,8,8,1,0,1,1,1,1,0
48,2013481759,481759,1,0,1,215,0,28,7,2013,1,1,30,4,CR-MILE 6 W RD,,26.25425,-98.0087,30,0,1,1,0,4,2,1,1,1
48,2013481760,481760,1,0,6,291,9997,30,7,2013,3,0,15,3,SR-146,,29.88698056,-94.8945,32,0,1,1,0,4,2,1,1,0
48,2013481761,481761,1,0,4,73,0,1,8,2013,5,17,55,2,US-79,,31.97475556,-95.1789,1,0,1,1,0,4,1,1,1,0
48,2013481762,481762,1,0,1,163,0,1,8,2013,5,17,57,8,BI 35E N. OAK ST,,28.90684722,-99.0907,30,0,1,1,0,4,1,1,1,0
48,2013481763,481763,3,0,3,209,0,1,8,2013,5,9,18,3,SR-21 CAMINO REAL HWY,,30.01807778,-97.716,12,6,8,1,0,1,1,1,1,0
48,2013481764,481764,2,0,7,265,0,1,8,2013,5,17,0,3,SR-41,SR-27 JUNCTION HWY,30.17907778,-99.3744,12,6,2,2,0,1,1,1,1,0
48,2013481765,481765,1,0,3,291,0,1,8,2013,5,15,4,2,US-59,,30.37825833,-95.0689,1,0,1,1,0,4,1,1,2,0
48,2013481766,481766,1,0,1,1,0,2,8,2013,6,23,50,8,FM 19,,32.028425,-95.4887,1,0,1,1,0,4,2,1,1,1
48,2013481767,481767,1,1,1,113,1730,2,8,2013,6,6,30,5,FITZHUGH AVE ALLEY,,32.81116944,-96.7809,8,0,1,1,0,1,9,1,1,0
48,2013481768,481768,1,0,2,121,6881,2,8,2013,6,13,34,8,FM 423 MAIN ST,,33.10743611,-96.8919,24,0,1,1,0,4,1,1,1,0
48,2013481769,481769,2,0,4,329,9997,2,8,2013,6,8,52,8,BI 20E,,31.89535833,-102.269,12,6,7,1,0,1,1,1,1,0
48,2013481770,481770,2,0,3,365,0,2,8,2013,6,23,1,8,FM 999,,31.99003056,-94.4438,12,6,1,1,0,1,2,1,1,0
48,2013481771,481771,1,0,1,401,3120,2,8,2013,6,1,47,2,US-259 KILGORE DR,SR-322,32.18961111,-94.8042,18,0,3,3,0,4,3,1,1,1
48,2013481772,481772,1,0,1,453,330,2,8,2013,6,1,2,7,I-35,,30.411425,-97.6743,33,0,1,1,0,4,3,1,1,1
48,2013481773,481773,2,0,2,497,5710,2,8,2013,6,1,54,3,SR-114,,33.03915,-97.4438,12,1,1,1,0,1,2,1,1,0
48,2013481774,481774,1,0,1,61,3030,3,8,2013,7,3,0,8,FM106,,26.19113333,-97.621,1,0,1,1,0,4,2,1,1,1
48,2013481775,481775,1,0,1,85,5390,3,8,2013,7,15,35,5,COIT RD,W PLANO PKWY,33.01024722,-96.7667,33,0,3,2,0,3,1,1,1,1
48,2013481776,481776,2,0,4,113,1730,3,8,2013,7,4,15,2,US-175,,32.76190556,-96.7717,12,2,1,1,0,1,3,1,4,2
48,2013481777,481777,1,0,1,113,2800,3,8,2013,7,16,4,1,I-30,,32.759725,-97.0288,52,0,19,1,0,4,1,1,1,0
48,2013481778,481778,1,0,1,157,5970,3,8,2013,7,2,30,2,US-59 SOUTHWEST FWY,,29.53477778,-95.8539,1,0,1,1,0,4,2,1,1,1
48,2013481779,481779,2,0,4,181,0,3,8,2013,7,18,1,2,US-377,LYNCH CROSSING RD,33.59175833,-96.912,12,6,2,3,0,1,1,1,1,0
48,2013481780,481780,1,0,1,231,2860,3,8,2013,7,17,6,1,I-30 RAMP,,33.13530833,-96.0731,58,0,5,1,0,4,1,1,1,0
48,2013481781,481781,2,0,2,251,1030,3,8,2013,7,0,21,3,SR-174 SW WILSHIRE BLVD,,32.48763611,-97.3758,12,2,1,1,0,1,2,1,1,1
48,2013481782,481782,2,0,2,329,4560,3,8,2013,7,0,1,3,SR-191,,31.98178611,-102.222,12,7,1,1,0,1,3,1,1,0
48,2013481783,481783,1,0,1,373,5095,3,8,2013,7,2,53,8,FM356,,30.83361389,-95.1298,32,0,1,1,0,4,2,1,1,0
48,2013481784,481784,1,0,2,381,0,3,8,2013,7,19,52,4,CR-MCCORMICK RD,,35.072425,-101.875,32,0,1,1,0,4,1,1,2,1
48,2013481785,481785,1,0,2,397,1730,3,8,2013,7,14,0,1,I-30,,32.88805278,-96.4933,25,0,1,1,0,3,1,1,1,0
48,2013481786,481786,1,0,2,413,0,3,8,2013,7,0,20,2,US-277,,30.92281944,-100.584,1,0,1,1,0,4,2,1,1,1
48,2013481787,481787,2,0,7,451,0,3,8,2013,7,6,59,2,US-87,,31.58849167,-100.614,18,0,1,1,0,1,1,1,1,0
48,2013481788,481788,2,1,1,61,0,4,8,2013,1,21,2,3,SR-48,,25.96170833,-97.4056,8,0,1,1,0,1,2,1,1,1
48,2013481789,481789,2,0,7,215,0,4,8,2013,1,0,8,8,FM492 N DOFFING RD,CR-MILE 4 RD,26.28178056,-98.3778,12,6,2,3,0,1,2,1,1,1
48,2013481790,481790,1,0,1,251,1370,4,8,2013,1,6,32,8,FM4,E 2ND ST,32.34640278,-97.3666,1,0,3,4,0,4,2,1,1,0
48,2013481791,481791,1,0,2,337,0,4,8,2013,1,2,12,8,FM677,,33.61805833,-97.5171,1,0,1,1,1,4,2,1,1,1
48,2013481792,481792,1,0,2,433,0,4,8,2013,1,0,20,3,SR-283,,33.110675,-100.036,5,0,1,1,0,1,2,1,1,1
48,2013481793,481793,1,0,2,459,0,4,8,2013,1,9,10,8,FM49,,32.72245833,-95.0857,35,0,1,1,0,4,1,1,1,0
48,2013481794,481794,1,0,1,29,6090,5,8,2013,2,21,46,5,W BITTERS RD,,29.58141389,-98.504,33,0,1,1,0,4,3,1,1,1
48,2013481795,481795,1,1,1,29,6090,5,8,2013,2,2,45,5,THOUSAND OAKS DR,,29.53416389,-98.3911,8,0,1,1,0,1,3,1,1,0
48,2013481796,481796,1,0,7,37,0,5,8,2013,2,6,40,1,I-30,,33.47158611,-94.3092,1,0,1,1,0,4,4,1,3,0
48,2013481797,481797,1,0,1,105,0,5,8,2013,2,8,24,8,RM2083 PANDALE RD,,30.65300833,-101.272,38,0,1,1,0,4,1,1,1,0
48,2013481798,481798,2,0,4,121,1840,5,8,2013,2,16,30,8,SL288,,33.18798889,-97.106,12,6,8,1,0,1,1,1,1,0
48,2013481799,481799,2,0,2,375,150,5,8,2013,2,7,23,8,SL279 BUSHLAND BLVD,,35.20614722,-101.888,12,6,8,1,0,1,1,1,1,0
48,2013481800,481800,1,0,1,177,0,6,8,2013,3,0,25,1,I-10,,29.652175,-97.5315,52,0,1,1,0,4,2,1,1,0
48,2013481801,481801,4,0,4,201,3280,6,8,2013,3,6,56,8,FM 1093,ELDRIDGE PKWY,29.73593889,-95.6239,12,6,2,2,0,1,1,1,1,1
48,2013481802,481802,2,0,3,213,0,6,8,2013,3,20,56,8,FM 315,,32.26861944,-95.5031,12,6,1,1,0,1,2,1,1,1
48,2013481803,481803,1,0,2,427,0,6,8,2013,3,23,43,4,CR-ALVAREZ RD,,26.39554167,-98.8997,42,0,1,1,0,4,3,1,2,1
48,2013481804,481804,1,0,1,457,0,6,8,2013,3,5,25,2,US-190,,30.83341944,-94.2976,53,0,1,1,0,4,2,1,1,0
48,2013481805,481805,1,0,2,463,0,6,8,2013,3,15,29,2,US-83,,29.40808333,-99.7506,42,0,1,1,0,4,1,1,1,0
48,2013481806,481806,1,1,1,91,4870,7,8,2013,4,6,50,1,I-35,,29.747925,-98.057,8,0,1,1,0,1,4,1,1,0
48,2013481807,481807,1,0,4,109,0,7,8,2013,4,7,35,1,I-10,,31.07125556,-104.388,35,0,1,1,0,3,1,1,1,0
48,2013481808,481808,2,0,2,303,4140,7,8,2013,4,22,13,8,SL 289,SLIDE RD,33.59612222,-101.923,12,6,2,2,0,1,3,1,1,0
48,2013481809,481809,1,0,1,349,0,7,8,2013,4,1,4,7,I-45,,32.16527778,-96.47,24,0,19,1,0,4,2,1,1,0
48,2013481810,481810,1,0,1,349,0,7,8,2013,4,16,35,4,CR-2190,,32.00296389,-96.3044,38,0,1,1,0,4,1,1,1,0
48,2013481811,481811,1,0,1,507,0,7,8,2013,4,19,30,2,US-57,,28.94188333,-99.4292,1,0,1,1,0,4,1,1,1,0
48,2013481812,481812,1,0,1,85,2282,8,8,2013,5,11,32,2,US-75 CENTRAL EXPY,,33.135725,-96.6543,1,0,1,1,0,1,1,1,1,0
48,2013481813,481813,2,0,2,19,0,9,8,2013,6,14,18,8,FM 1283,,29.62602222,-98.9367,12,6,4,1,0,1,1,1,1,0
48,2013481814,481814,1,1,2,135,5030,9,8,2013,6,21,46,8,BI 20E 2ND ST,,31.85887222,-102.339,8,0,1,1,0,1,1,1,1,0
48,2013481815,481815,1,0,1,201,480,9,8,2013,6,13,2,8,SP 330 DECKER DR,,29.75698056,-94.9978,24,0,19,1,0,8,1,1,1,0
48,2013481816,481816,2,0,2,215,5330,9,8,2013,6,15,54,2,US-281 S. CAGE BLVD,ANAYA RD,26.10886667,-98.1985,12,6,2,2,0,1,1,1,1,0
48,2013481817,481817,6,0,9,217,0,9,8,2013,6,16,30,1,I-35W,,32.11958056,-97.1158,12,1,1,1,1,1,1,1,1,0
48,2013481818,481818,2,0,3,97,0,10,8,2013,7,16,13,8,FM 902,,33.55334722,-96.9538,12,6,1,1,0,4,1,1,1,1
48,2013481819,481819,1,0,1,201,3280,10,8,2013,7,21,0,5,HARVARD ST,WHITNEY ST,29.83055833,-95.3994,34,0,3,2,0,4,2,2,1,1
48,2013481820,481820,2,0,2,453,330,10,8,2013,7,1,19,3,SR-71 BEN WHITE BLVD,RIVERSIDE DR,30.21816667,-97.6905,12,1,3,2,0,1,3,1,1,0
48,2013481821,481821,1,0,1,497,0,10,8,2013,7,17,30,8,FM2952,,33.24068889,-97.8289,1,0,1,1,0,4,1,1,1,1
48,2013481822,481822,1,0,1,31,0,11,8,2013,1,14,42,8,RM32,,30.06370278,-98.3835,1,0,1,1,0,4,1,1,1,1
48,2013481823,481823,1,0,3,105,0,11,8,2013,1,18,15,1,I-10,,30.72177222,-101.761,39,0,1,1,0,4,1,1,2,0
48,2013481824,481824,4,0,5,177,0,11,8,2013,1,21,3,3,SR-97,,29.465375,-97.4559,12,8,1,1,0,1,2,1,1,1
48,2013481825,481825,2,0,3,201,3280,11,8,2013,1,18,31,5,WOODLAND HILLS DR,TREE LN,30.05946944,-95.212,12,6,2,2,0,1,1,1,1,1
48,2013481826,481826,2,0,9,259,0,11,8,2013,1,14,14,3,SR-27,8TH ST,29.96754444,-98.9054,12,6,2,2,0,1,1,1,1,0
48,2013481827,481827,1,0,1,439,2450,11,8,2013,1,3,0,1,I-820 JIM WRIGHT FWY,,32.83865556,-97.3575,24,0,1,1,0,3,2,1,1,0
48,2013481828,481828,2,0,3,91,0,12,8,2013,2,9,1,3,SR-46,,29.80532778,-98.37,12,1,8,1,0,1,1,1,1,0
48,2013481829,481829,2,0,2,113,1730,12,8,2013,2,19,37,5,N ADAMS AVE,W 9TH ST,32.74638056,-96.8302,12,6,2,2,0,1,1,1,1,0
48,2013481830,481830,2,0,3,129,0,12,8,2013,2,15,25,2,US-287,,34.92013611,-100.843,12,1,1,1,0,1,1,2,1,0
48,2013481831,481831,1,1,1,201,3280,12,8,2013,2,19,25,5,MEMORIAL DR,MEMORIAL LOOP DR,29.76450556,-95.4311,9,0,2,2,0,1,1,1,1,0
48,2013481832,481832,4,0,12,215,0,12,8,2013,2,15,25,8,FM 2221,WESTERN RD,26.32748056,-98.3918,12,6,2,2,0,1,1,1,6,0
48,2013481833,481833,3,0,4,349,0,12,8,2013,2,16,15,1,I-45,,32.14372222,-96.4624,12,1,1,1,0,1,1,1,2,0
48,2013481834,481834,2,0,2,453,330,12,8,2013,2,2,10,2,US-183,,30.21427778,-97.6832,12,1,20,1,0,1,2,1,1,0
48,2013481835,481835,1,1,1,69,0,13,8,2013,3,17,33,8,FM 1524,,34.424075,-102.313,8,0,1,1,0,1,1,10,1,0
48,2013481836,481836,1,1,1,215,5330,13,8,2013,3,6,24,2,US-281,,26.222625,-98.1798,8,0,1,1,0,1,3,1,1,0
48,2013481837,481837,1,0,2,251,1613,13,8,2013,3,13,21,2,US-377,,32.53669444,-97.6142,32,0,1,1,0,4,1,1,1,0
48,2013481838,481838,1,1,1,113,1730,14,8,2013,4,13,40,1,I-45,,32.77438611,-96.7783,25,0,1,1,0,4,1,10,1,0
48,2013481839,481839,1,1,1,153,0,14,8,2013,4,22,30,2,US-70,,34.12578333,-101.475,8,0,1,1,0,1,2,2,1,0
48,2013481840,481840,1,0,1,185,0,14,8,2013,4,19,34,8,FM 244,,30.533625,-96.0162,42,0,1,1,0,4,1,10,1,0
48,2013481841,481841,2,0,2,265,3670,14,8,2013,4,9,54,3,SR-27 JUNCTION HWY,MILL RUN W DR,30.07343333,-99.199,12,7,2,3,0,1,1,1,1,0
48,2013481842,481842,2,0,4,309,0,14,8,2013,4,18,19,8,FM2490 WORTHAM BEND DR,APACHE TRL,31.68415833,-97.2801,12,6,2,2,0,1,1,1,1,0
48,2013481843,481843,3,0,3,325,0,14,8,2013,4,6,55,8,FM463,,29.24201944,-98.8537,12,6,8,1,0,1,4,1,1,0
48,2013481844,481844,1,1,1,215,5330,15,8,2013,5,21,37,3,SR-495 FERGUSON AVE,N SUGAR RD,26.21328333,-98.1931,8,0,3,2,0,1,3,1,1,0
48,2013481845,481845,2,0,3,383,0,15,8,2013,5,17,32,2,US-67,,31.19037222,-101.437,12,2,1,1,0,1,1,1,1,0
48,2013481846,481846,1,0,1,177,0,16,8,2013,6,2,30,3,SR-97,,29.58298333,-97.3667,1,0,1,1,0,4,2,1,1,1
48,2013481847,481847,1,0,2,255,0,16,8,2013,6,14,11,3,SR-72,,28.76226389,-97.9151,1,0,1,1,0,4,1,10,1,0
48,2013481848,481848,2,0,4,287,0,16,8,2013,6,16,30,2,US-77,,30.290225,-96.9492,12,1,1,1,0,1,1,1,1,1
48,2013481849,481849,1,0,1,289,0,16,8,2013,6,21,30,8,FM1119,,31.12369722,-95.839,31,0,1,1,0,4,2,1,1,0
48,2013481850,481850,1,0,1,347,0,16,8,2013,6,2,43,3,SR-7,,31.58219722,-94.6894,42,0,1,1,0,4,2,1,1,1
48,2013481851,481851,1,0,1,439,2450,16,8,2013,6,0,58,5,CLARKE DR,,32.82134444,-97.4434,39,0,1,1,0,4,2,1,1,0
48,2013481852,481852,1,1,1,29,6090,17,8,2013,7,20,45,5,S GEN MCMULLEN DR,WALLACE DR,29.41825833,-98.5556,8,0,3,3,0,1,3,1,1,1
48,2013481853,481853,1,0,1,29,6090,17,8,2013,7,17,29,5,CROSSWINDS WAY,,29.5434,-98.3781,33,0,1,1,0,4,1,1,1,0
48,2013481854,481854,1,0,5,67,0,17,8,2013,7,18,22,2,US-59,,33.0903,-94.2329,1,0,1,1,0,1,1,1,2,0
48,2013481855,481855,1,1,1,265,0,17,8,2013,7,23,48,8,RM783 HARPER RD,,30.07768611,-99.151,8,0,1,1,0,1,2,1,1,0
48,2013481856,481856,1,0,1,157,6660,18,8,2013,1,10,28,5,7TH ST,,29.63086389,-95.6157,42,0,1,1,0,4,1,1,1,0
48,2013481857,481857,1,0,1,181,0,18,8,2013,1,20,51,3,SR-56,,33.62705278,-96.6487,1,0,8,1,0,1,2,1,1,0
48,2013481858,481858,1,0,1,401,0,19,8,2013,2,19,50,4,CR-447,,32.04868333,-94.8407,42,0,1,1,0,4,5,1,1,0
48,2013481859,481859,2,0,2,29,0,20,8,2013,3,13,6,8,FM1560 GALM RD,,29.52421944,-98.718,12,6,8,1,0,1,1,1,1,0
48,2013481860,481860,1,0,1,29,6090,20,8,2013,3,2,13,8,SL13,,29.35518056,-98.4806,30,0,1,1,0,4,3,1,1,1
48,2013481861,481861,2,0,2,113,1730,21,8,2013,4,0,44,1,I-10,,32.67125278,-96.8224,14,0,1,1,0,2,2,10,1,0
48,2013481862,481862,1,1,1,439,2450,21,8,2013,4,1,30,8,FM 731,,32.60813889,-97.3515,8,0,1,1,0,1,2,1,1,0
48,2013481863,481863,2,0,4,121,1840,22,8,2013,5,6,39,2,US-377,,33.23780556,-97.0329,12,6,1,1,0,1,2,1,1,0
48,2013481864,481864,1,0,1,201,3280,22,8,2013,5,12,20,5,DACOMA ST,,29.80952222,-95.4448,43,0,1,1,0,4,1,1,1,0
48,2013481866,481866,1,1,2,353,0,22,8,2013,5,2,22,1,I-20,,32.48655278,-100.208,8,0,1,1,0,1,3,1,1,0
48,2013481867,481867,2,0,2,29,6090,23,8,2013,6,23,17,1,I-35 RAMP,I-410,29.31746111,-98.611,1,0,20,1,0,1,3,1,1,0
48,2013481868,481868,1,0,2,77,0,23,8,2013,6,6,40,4,CR-4 WIRE RD,,33.52956944,-97.9923,42,0,1,1,0,4,2,1,1,0
48,2013481869,481869,1,0,1,439,2450,23,8,2013,6,23,54,5,GRANBURY RD,,32.69191389,-97.3633,30,0,1,1,0,4,2,1,1,0
48,2013481870,481870,1,1,1,201,3280,25,8,2013,1,8,30,1,I-610,,29.67978056,-95.4565,8,0,1,1,0,1,1,10,1,0
48,2013481871,481871,1,0,1,439,2450,25,8,2013,1,4,15,2,US-30 WEST FWY,,32.73311111,-97.3991,30,0,1,1,0,3,3,1,1,0
48,2013481872,481872,1,1,1,201,3280,10,2,2013,1,22,20,5,CARSON RD,,29.63001667,-95.3152,8,0,1,1,0,1,2,10,1,0
48,2013481873,481873,2,0,3,479,3899,12,1,2013,7,15,32,1,I-35,,27.65801944,-99.4767,12,7,1,1,0,1,1,1,1,0
48,2013481874,481874,2,0,4,303,4140,25,1,2013,6,21,44,8,FM2255 4TH ST,FLINT AVE,33.59233056,-101.882,12,6,2,2,0,1,3,1,1,2
48,2013481875,481875,2,0,5,29,6090,13,5,2013,2,18,0,5,PALO ALTO RD,SIOUX ST,29.35161667,-98.5523,12,6,2,2,0,1,1,1,1,0
48,2013481876,481876,2,0,2,201,3280,15,5,2013,4,13,40,5,ALDINE WESTFIELD RD,,29.87075,-95.3517,12,6,8,1,0,1,1,10,1,0
48,2013481877,481877,1,0,2,141,2190,29,5,2013,4,2,55,1,I-10,,31.89012222,-106.583,20,0,5,1,0,4,3,1,2,1
48,2013481878,481878,1,0,2,201,0,16,6,2013,1,18,30,4,CR-GRACE LN,,29.84431111,-95.0931,53,0,1,1,0,4,1,1,1,1
48,2013481879,481879,2,1,4,27,570,21,6,2013,6,3,37,1,I-35,,31.02140278,-97.4791,12,1,1,1,1,1,2,1,1,0
48,2013481880,481880,1,1,1,201,0,5,7,2013,6,2,40,1,I-45,,30.02167222,-95.4294,8,0,1,1,0,1,3,1,1,0
48,2013481881,481881,3,0,4,201,0,5,7,2013,6,20,45,7,SL-8/SAM HOUSTON PKWY,BAMMEL N HOUSTON RD,29.93755278,-95.4979,12,6,2,2,0,1,3,1,1,1
48,2013481882,481882,2,0,2,159,0,8,7,2013,2,23,10,1,I-30,,33.1611,-95.1337,12,8,18,1,0,1,2,1,1,1
48,2013481883,481883,1,0,1,355,1550,27,7,2013,7,2,22,7,SR-358/PADRE ISLAND DR,,27.72065278,-97.3963,25,0,1,1,0,10,3,10,1,1
48,2013481884,481884,1,1,1,201,0,1,8,2013,5,6,1,4,CR-LOUETTA RD,,30.03907778,-95.4909,8,0,1,1,0,1,2,10,1,0
48,2013481885,481885,1,0,1,201,0,4,8,2013,1,1,30,4,CR-OLD GREENS RD,,29.95265278,-95.3833,24,0,1,1,0,4,2,1,1,0
48,2013481886,481886,1,0,3,201,0,4,8,2013,1,0,15,4,CR-HARDY ST,,30.05215,-95.4105,32,0,1,1,0,4,2,1,2,0
48,2013481887,481887,3,1,4,439,2450,4,8,2013,1,21,40,1,I-35W/SOUTH FWY,,32.69863889,-97.3205,8,0,1,1,0,1,3,1,1,0
48,2013481888,481888,1,0,1,201,0,5,8,2013,2,2,40,4,CR-NORTHCREST DR,,30.09524722,-95.5172,30,0,1,1,0,4,2,1,1,1
48,2013481889,481889,2,0,3,201,0,5,8,2013,2,10,45,8,FM 1942,BOHEMIAN HALL RD,29.87663333,-95.0237,12,6,2,3,0,1,1,10,1,0
48,2013481890,481890,4,0,6,41,970,7,8,2013,4,17,26,8,FM 1179/BRIARCREST DR,,30.66038333,-96.331,12,6,1,1,1,1,1,10,1,0
48,2013481891,481891,2,0,2,251,1370,9,8,2013,6,23,56,5,BERKLEY DR,,32.33014167,-97.3994,14,0,1,1,0,5,3,1,1,0
48,2013481892,481892,1,0,1,339,1510,10,8,2013,7,23,45,8,SL 336,,30.33126944,-95.4871,42,0,1,1,0,4,2,1,1,0
48,2013481893,481893,1,0,2,375,150,10,8,2013,7,21,25,5,EASTERN ST,,35.21819444,-101.778,10,0,6,1,1,1,2,1,1,1
48,2013481894,481894,1,1,2,141,2190,12,8,2013,2,20,15,2,US-62,SAN MARCIAL ST,31.767975,-106.458,8,0,3,2,0,1,3,1,1,0
48,2013481895,481895,3,1,9,141,2190,12,8,2013,2,21,39,3,SR-20,,31.80292778,-106.509,8,0,1,1,0,1,3,1,1,0
48,2013481896,481896,1,0,3,201,3280,12,8,2013,2,12,13,7,US-59,,29.85174444,-95.3334,33,0,1,1,0,4,1,1,1,0
48,2013481897,481897,2,0,7,341,0,12,8,2013,2,23,26,2,US-287,FM 119,35.916075,-101.981,12,6,2,3,0,1,2,1,5,1
48,2013481898,481898,1,0,1,131,0,14,8,2013,4,8,20,3,SR-359,,27.40038333,-98.5786,32,0,1,1,0,4,1,1,1,0
48,2013481899,481899,1,0,1,233,0,14,8,2013,4,20,6,3,SR-152,,35.634275,-101.296,1,0,1,1,0,3,3,10,1,0
48,2013481900,481900,1,0,2,283,0,14,8,2013,4,14,5,1,I-35,,28.05227222,-99.3504,1,0,1,1,0,4,1,1,1,0
48,2013481901,481901,1,0,1,285,2970,14,8,2013,4,16,15,5,KROSCHELL AVE,LAY ST,29.44106667,-96.954,38,0,3,10,0,4,1,1,1,0
48,2013481902,481902,1,1,2,135,5030,15,8,2013,5,22,2,8,SL338,,31.89538611,-102.317,8,0,1,1,0,1,3,1,1,0
48,2013481903,481903,2,0,2,157,6568,15,8,2013,5,9,15,8,UA90 S MAIN ST,AVE B,29.61711667,-95.5629,12,6,2,2,0,1,1,10,1,0
48,2013481904,481904,2,0,2,201,0,15,8,2013,5,8,28,8,FM1488,,30.14534167,-95.9485,12,8,1,1,0,1,1,10,1,0
48,2013481905,481905,2,0,2,201,3280,15,8,2013,5,23,37,5,WESTHEIMER RD,,29.74218889,-95.4212,1,0,8,1,0,1,3,1,1,1
48,2013481906,481906,2,0,4,89,0,16,8,2013,6,12,54,3,SR-71,FM1890,29.74435,-96.5963,12,6,2,3,0,1,1,1,1,0