STATE,YEAR_ST_CASE,ST_CASE,VE_TOTAL,PEDS,PERSONS,COUNTY,CITY,DAY,MONTH,YEAR,DAY_WEEK,HOUR,MINUTE,ROUTE,TWAY_ID,TWAY_ID2,LATITUDE,LONGITUD,HARM_EV,MAN_COLL,RELJCT2,TYP_INT,WRK_ZONE,REL_ROAD,LGT_COND,WEATHER,FATALS,DRUNK_DR
48,2013481907,481907,1,0,1,239,0,16,8,2013,6,7,24,3,SR-172,,28.720875,-96.4542,42,0,1,1,0,4,1,1,1,0
48,2013481908,481908,2,0,3,113,2590,17,8,2013,7,11,4,5,CUMBERLAND DR,BROADWAY BLVD,32.88317778,-96.6263,12,6,2,3,0,1,1,1,1,0
48,2013481909,481909,1,0,2,227,640,17,8,2013,7,23,11,1,I-20,,32.25900278,-101.507,1,0,1,1,0,3,2,1,2,1
48,2013481910,481910,1,1,1,367,364,17,8,2013,7,2,35,3,SR-199 NW PARKWAY ST,,32.90160278,-97.5504,8,0,1,1,0,1,2,1,1,0
48,2013481911,481911,1,0,2,423,0,17,8,2013,7,23,23,8,FM 2813,,32.23875,-95.3327,1,0,1,1,0,4,2,1,1,1
48,2013481912,481912,3,0,3,113,1730,18,8,2013,1,0,30,1,I-20,,32.67066111,-96.9433,12,1,1,1,0,1,3,1,1,1
48,2013481913,481913,2,0,6,201,3280,18,8,2013,1,6,0,2,US-59,,29.73443056,-95.3704,12,1,18,1,0,1,1,1,1,0
48,2013481914,481914,1,1,1,479,3899,18,8,2013,1,22,3,5,CHICAGO ST,,27.53734722,-99.5065,9,0,8,1,0,1,2,1,1,0
48,2013481915,481915,1,0,4,55,0,19,8,2013,2,2,45,3,SR-130,,29.828875,-97.7432,11,0,1,1,0,1,2,1,1,0
48,2013481916,481916,3,0,4,103,0,19,8,2013,2,16,45,2,US-385,,31.29148333,-102.349,12,2,1,1,0,1,1,1,1,1
48,2013481917,481917,1,0,1,339,1510,19,8,2013,2,22,52,5,CRIGHTON RD,,30.26576667,-95.4467,42,0,1,1,0,4,2,1,1,0
48,2013481918,481918,1,0,2,113,1730,20,8,2013,3,23,32,7,US-175,,32.70416667,-96.6657,21,0,1,1,0,4,3,1,2,0
48,2013481919,481919,1,0,1,201,3280,20,8,2013,3,13,3,5,SELINSKY,8TH ST,29.63754722,-95.3329,44,0,1,1,0,1,1,10,1,0
48,2013481920,481920,3,0,3,281,0,20,8,2013,3,13,20,2,US-183,,31.16743056,-98.3404,12,8,1,1,0,1,1,1,1,0
48,2013481921,481921,1,0,3,291,0,20,8,2013,3,1,44,8,FM 770,,29.95138056,-94.6829,42,0,1,1,0,4,2,1,1,0
48,2013481922,481922,1,0,1,497,0,20,8,2013,3,13,35,8,FM 1810,,33.29245,-97.7524,1,0,1,1,0,4,1,1,1,0
48,2013481923,481923,1,0,3,201,5230,21,8,2013,4,22,38,5,CRENSHAW,,29.63754444,-95.1556,33,0,1,1,0,3,3,1,1,0
48,2013481924,481924,2,0,2,357,0,21,8,2013,4,16,20,8,FM 3045,,36.28987778,-100.827,12,6,1,1,0,1,1,1,1,0
48,2013481925,481925,2,0,2,201,3280,22,8,2013,5,10,0,5,ALAMEDA GENOA RD,,29.62069444,-95.3433,12,6,8,1,0,1,1,1,1,0
48,2013481926,481926,1,0,1,271,0,22,8,2013,5,6,53,2,US-90,,29.23888056,-100.161,1,0,1,1,0,4,2,1,1,1
48,2013481927,481927,2,0,2,355,1550,22,8,2013,5,13,14,8,SS 544/AGNES ST,,27.78636111,-97.4276,12,1,1,1,0,11,1,10,1,0
48,2013481928,481928,2,0,4,389,0,22,8,2013,5,22,40,1,I-10 RAMP,,31.00006667,-103.697,12,1,5,1,0,1,2,10,1,0
48,2013481929,481929,2,0,10,115,0,23,8,2013,6,10,25,3,SR-137,FM 2052,32.69523056,-101.949,12,6,2,2,0,1,1,1,2,0
48,2013481930,481930,1,0,1,167,3920,23,8,2013,6,22,49,5,LEAGUE CITY PKWY,,29.47896667,-95.165,33,0,1,1,0,4,2,10,1,1
48,2013481931,481931,1,1,2,187,0,23,8,2013,6,23,26,3,SR-123,,29.74425278,-97.9495,8,0,1,1,0,1,2,1,1,0
48,2013481932,481932,2,0,4,201,5230,23,8,2013,6,10,33,5,GENOA RED BLUFF RD,RED BLUFF RD,29.63489444,-95.1083,12,6,2,2,0,1,1,1,1,0
48,2013481933,481933,2,0,2,217,0,23,8,2013,6,5,51,3,SR-81,,32.08330278,-97.1275,12,6,1,1,0,1,2,1,1,0
48,2013481934,481934,1,0,4,223,0,23,8,2013,6,14,4,3,SR-11,,33.02924167,-95.4142,42,0,1,1,0,4,1,1,1,0
48,2013481935,481935,2,0,2,233,0,23,8,2013,6,17,8,3,SR-152,,35.63501944,-101.298,12,11,8,1,0,1,1,1,1,0
48,2013481936,481936,1,0,1,259,0,23,8,2013,6,23,35,8,FM289,,29.897725,-98.8187,1,0,1,1,0,1,2,1,1,1
48,2013481937,481937,2,0,3,281,0,23,8,2013,6,20,43,8,FM2657,FM2808,31.07253611,-97.9224,12,6,2,3,1,1,2,1,1,0
48,2013481938,481938,2,0,6,353,0,23,8,2013,6,1,20,1,I-20,,32.44435556,-100.509,12,6,5,1,1,1,2,1,2,0
48,2013481939,481939,2,0,2,373,0,23,8,2013,6,11,40,2,US-190,WALDING RD,30.74868333,-95.0187,12,6,2,2,0,1,1,10,1,0
48,2013481940,481940,1,0,1,403,0,23,8,2013,6,2,55,8,FM83,,31.35672222,-93.8191,42,0,1,1,0,4,2,1,1,0
48,2013481941,481941,2,0,3,35,4690,24,8,2013,7,14,55,3,SR-174,FM 927,32.01506944,-97.609,12,6,2,2,0,1,1,10,2,0
48,2013481942,481942,2,0,2,85,200,24,8,2013,7,8,25,3,SR-121,,33.32456389,-96.494,12,2,1,1,0,1,1,1,1,1
48,2013481943,481943,2,0,5,99,0,24,8,2013,7,16,10,3,SR-36,,31.52226667,-97.7807,12,6,1,1,0,1,1,1,1,1
48,2013481945,481945,2,0,6,291,0,24,8,2013,7,16,18,2,US-90,,29.99113056,-94.9612,12,1,1,1,0,1,1,1,1,0
48,2013481946,481946,1,0,2,397,5910,24,8,2013,7,20,24,5,JOHN KING BLVD,,32.92073333,-96.4345,33,0,1,1,0,4,2,1,1,1
48,2013481947,481947,1,0,2,419,0,24,8,2013,7,18,35,3,SR-7,,31.7369,-94.2474,1,0,1,1,0,4,1,1,1,0
48,2013481948,481948,1,0,1,439,4300,24,8,2013,7,19,47,3,SR-360,,32.55768056,-97.0848,1,0,1,1,0,3,5,10,1,0
48,2013481949,481949,2,0,2,3,0,25,8,2013,1,22,51,3,SR-115,FM 181,32.18199722,-102.749,12,6,2,2,0,1,2,1,1,0
48,2013481950,481950,2,0,3,85,0,25,8,2013,1,9,13,5,FM 3286,,33.09591389,-96.5373,12,2,1,1,0,2,1,1,2,0
48,2013481951,481951,1,0,1,113,3420,25,8,2013,1,2,10,3,SR-161 RAMP GEORGE BUSH TPKE,,32.83479722,-97.0178,23,0,5,1,0,4,3,1,1,1
48,2013481952,481952,1,0,3,135,5030,25,8,2013,1,3,34,7,I-20,,31.84265556,-102.331,30,0,1,1,0,4,2,1,1,1
48,2013481953,481953,4,0,5,185,0,25,8,2013,1,14,43,8,FM1774,,30.30852778,-95.8393,12,1,8,1,0,1,1,1,1,0
48,2013481954,481954,2,0,2,257,0,25,8,2013,1,0,35,8,FM987,CR-272,32.67175833,-96.3604,12,6,2,3,0,1,2,1,1,1
48,2013481955,481955,1,0,1,395,0,25,8,2013,1,17,25,8,FM46,,30.92002222,-96.4088,38,0,1,1,0,4,1,10,1,0
48,2013481956,481956,2,0,2,77,3130,26,8,2013,2,11,50,2,US-82 E OMEGA ST,SP510,33.81481389,-98.1862,12,6,2,3,0,1,1,1,1,0
48,2013481957,481957,3,0,4,173,0,26,8,2013,2,22,35,8,RM33,,32.01153889,-101.483,12,8,1,1,0,1,2,1,2,1
48,2013481958,481958,1,0,1,179,0,26,8,2013,2,6,0,3,SR-273,,35.27592222,-100.61,31,0,1,1,0,4,2,1,1,1
48,2013481959,481959,2,0,2,217,0,26,8,2013,2,5,45,8,FM66,,32.20091389,-97.0887,12,2,1,1,0,1,2,1,1,0
48,2013481960,481960,1,0,1,217,0,26,8,2013,2,7,5,3,SR-171,,31.95498611,-96.9869,35,0,1,1,0,4,1,1,1,0
48,2013481961,481961,1,1,1,61,940,27,8,2013,3,22,42,8,FM 1847 PAREDES LINE RD,,25.97508611,-97.4848,8,0,1,1,0,1,2,1,1,0
48,2013481962,481962,3,0,3,143,0,27,8,2013,3,12,22,2,US-281,,32.46286111,-98.1428,12,8,1,1,0,1,1,10,1,0
48,2013481963,481963,1,0,1,167,3920,27,8,2013,3,9,21,1,I-45,,29.48638611,-95.1038,30,0,5,1,0,8,1,10,1,0
48,2013481965,481965,2,0,2,27,3690,28,8,2013,4,19,29,5,TRIMMIER RD,,31.08685,-97.7354,12,2,8,1,0,1,1,1,1,0
48,2013481966,481966,1,1,1,363,0,28,8,2013,4,21,22,1,I-20,,32.61294722,-98.105,8,0,18,1,0,1,2,1,1,0
48,2013481967,481967,2,0,2,395,0,28,8,2013,4,7,35,8,FM 2954,,31.21277778,-96.5603,12,1,1,1,0,1,1,1,1,1
48,2013481968,481968,1,0,1,29,6090,29,8,2013,5,22,38,5,HOUSTON ST,,29.4251,-98.4748,30,0,1,1,0,4,3,1,1,1
48,2013481969,481969,2,0,4,61,940,30,8,2013,6,16,40,2,US-281,,25.95278611,-97.56,12,2,1,1,0,1,1,1,1,0
48,2013481970,481970,2,0,3,251,1030,30,8,2013,6,15,35,7,I-35W S BURLESON BLVD,,32.53813333,-97.3119,12,6,8,1,0,1,1,1,1,0
48,2013481971,481971,1,1,1,325,0,30,8,2013,6,22,30,3,SR-132,,29.15981944,-98.8883,9,0,1,1,0,1,2,1,1,0
48,2013481972,481972,1,0,1,29,0,31,8,2013,7,19,19,8,SL 1604,,29.45081944,-98.2873,1,0,1,1,0,4,1,1,1,1
48,2013481973,481973,2,0,7,71,0,31,8,2013,7,20,33,3,SR-124,,29.66586944,-94.3729,12,8,1,1,0,1,2,1,1,1
48,2013481974,481974,1,0,1,121,1840,31,8,2013,7,2,34,1,I-35E,,33.16865556,-97.0836,1,0,1,1,0,10,3,1,1,1
48,2013481975,481975,2,0,6,201,3280,31,8,2013,7,17,41,7,SR-249/TOMBALL PKWY,FM 1960,29.96022778,-95.5476,12,6,2,2,0,1,1,1,1,0
48,2013481976,481976,1,0,1,203,0,31,8,2013,7,3,25,8,FM 968,,32.47995,-94.698,1,0,1,1,0,4,2,1,1,1
48,2013481977,481977,1,0,2,209,6170,31,8,2013,7,1,49,7,I-35,,29.93531111,-97.8857,24,0,1,1,0,4,2,1,1,1
48,2013481978,481978,2,0,8,329,4560,31,8,2013,7,22,43,8,SL 230,,31.95126944,-102.145,1,0,1,1,0,3,3,1,1,0
48,2013481979,481979,2,0,2,339,0,31,8,2013,7,18,40,3,SR-242,CR-LEXINGTON DRIVE,30.20853889,-95.4188,12,6,2,2,0,1,1,1,1,1
48,2013481980,481980,2,0,3,29,6090,23,1,2013,4,7,5,3,SR-151 RAMP,MILITARY DR,29.43410556,-98.6308,12,1,3,2,0,1,4,1,1,0
48,2013481981,481981,2,0,6,29,6090,24,2,2013,1,17,50,5,HACKBERRY ST,HOUSTON ST,29.42506389,-98.4733,12,6,2,2,0,1,3,10,1,0
48,2013481982,481982,2,1,2,355,1550,13,5,2013,2,21,15,3,SR-358,,27.681,-97.3142,18,0,1,1,0,1,2,10,1,0
48,2013481983,481983,2,0,2,29,6090,18,5,2013,7,22,42,5,TIMBERCREEK,,29.42576667,-98.6333,42,0,1,1,0,4,2,1,1,1
48,2013481984,481984,2,0,2,141,2190,17,6,2013,2,7,38,2,US-62,,31.79201944,-106.378,33,0,1,1,0,4,1,1,1,0
48,2013481985,481985,2,0,4,29,6090,19,6,2013,4,13,25,7,I-35,NEW BRAUNFELS AVE,29.43893611,-98.461,12,6,2,2,0,1,1,1,1,0
48,2013481986,481986,1,1,1,141,2190,25,6,2013,3,13,37,2,US-54,,31.813575,-106.441,8,0,5,1,0,10,1,1,1,0
48,2013481987,481987,1,0,2,385,0,10,7,2013,4,22,0,8,RR-336,,29.81946111,-99.7786,1,0,1,1,0,4,2,1,1,1
48,2013481988,481988,2,0,2,113,1190,14,7,2013,1,17,57,5,MCCOY RD,TRINITY MILLS RD,32.98398333,-96.8972,12,6,2,2,0,1,1,2,1,0
48,2013481989,481989,4,0,4,113,1730,19,7,2013,6,17,33,5,ROYAL LN,,32.8935,-96.7426,12,7,1,1,0,1,1,1,1,1
48,2013481990,481990,2,0,3,439,3347,21,7,2013,1,18,45,3,SR-121,,32.83374722,-97.1998,12,6,18,1,1,1,1,1,1,1
48,2013481992,481992,1,0,1,141,0,1,8,2013,5,19,50,8,SL375,,31.76233611,-106.445,1,0,1,1,0,3,1,1,1,0
48,2013481993,481993,2,0,3,165,0,2,8,2013,6,20,0,3,SR-83,CR-121,32.92623056,-102.468,12,6,2,2,0,1,1,1,1,0
48,2013481994,481994,1,0,3,371,0,4,8,2013,1,5,45,1,I-10,,30.92729167,-103.234,32,0,1,1,0,4,2,1,1,0
48,2013481995,481995,1,0,1,453,0,5,8,2013,2,15,25,8,FM3177 DECKER LN,,30.282525,-97.6337,32,0,1,1,0,4,1,1,1,0
48,2013481996,481996,1,0,1,439,1442,8,8,2013,5,3,48,5,ALEXANDRA DR,ALEXANDRA CT,32.87532222,-97.148,1,0,2,3,0,1,3,1,1,1
48,2013481997,481997,1,1,1,309,545,9,8,2013,6,2,50,2,US-84,,31.593875,-97.096,8,0,1,1,0,1,2,1,1,0
48,2013481998,481998,1,0,1,201,0,13,8,2013,3,1,30,4,CR-BOHEMIAN HALL RD,,29.89261111,-95.0235,53,0,1,1,0,4,2,1,1,1
48,2013481999,481999,2,0,3,13,5400,14,8,2013,4,22,46,8,FM476 BENSDALE RD,,28.97366667,-98.4953,12,2,1,1,0,1,2,1,1,0
48,2013482000,482000,3,0,3,21,460,16,8,2013,6,6,16,3,SR-95,,30.12755278,-97.3131,12,8,1,1,0,1,1,10,1,0
48,2013482001,482001,4,0,4,121,3798,17,8,2013,7,15,33,7,I-35E N STEMMONS RD,,33.12573611,-97.0361,12,1,1,1,0,1,1,1,1,0
48,2013482003,482003,2,0,2,201,3280,18,8,2013,1,22,7,1,I-610,,29.79724722,-95.2722,14,0,19,1,0,2,3,1,1,0
48,2013482004,482004,2,0,2,223,6670,18,8,2013,1,21,12,1,I-30,,33.11628056,-95.6032,12,1,18,1,0,1,2,1,1,0
48,2013482005,482005,2,0,9,391,0,18,8,2013,1,16,35,3,SR-35,,28.30204167,-96.9443,12,2,1,1,0,1,1,1,2,0
48,2013482006,482006,1,0,3,21,0,19,8,2013,2,11,12,3,SR-71,,30.09784167,-97.2709,1,0,1,1,0,4,1,10,1,0
48,2013482007,482007,1,1,1,453,0,19,8,2013,2,10,59,4,CR-COULVER RD,,30.12216944,-97.7365,8,0,1,1,0,1,1,10,1,0
48,2013482008,482008,1,0,3,149,0,20,8,2013,3,23,20,4,CR-388 / OLD PLUM HWY,,29.93512222,-96.9668,43,0,1,1,0,4,2,1,1,1
48,2013482009,482009,2,0,3,181,1830,21,8,2013,4,13,0,2,US-75,,33.72857222,-96.5853,12,1,18,1,0,1,1,1,1,0
48,2013482011,482011,1,0,2,231,0,21,8,2013,4,12,45,2,US-69,,33.23410556,-96.1654,53,0,1,1,0,4,1,1,1,0
48,2013482012,482012,1,0,1,283,0,21,8,2013,4,2,2,7,I-35,,28.51585556,-99.2158,24,0,1,1,0,4,2,1,1,1
48,2013482013,482013,1,0,2,201,0,22,8,2013,5,3,0,4,CR-N FRY RD,CRWINDSTONE MANOR,29.8363,-95.7187,32,0,3,3,0,4,2,1,1,1
48,2013482014,482014,2,0,3,227,640,22,8,2013,5,17,43,1,I-20,,32.26716944,-101.407,51,0,1,1,0,1,1,2,1,0
48,2013482015,482015,1,0,2,113,4530,23,8,2013,6,0,30,1,I-635,,32.84106944,-96.6336,31,0,1,1,0,3,3,1,2,1
48,2013482016,482016,2,0,4,453,0,23,8,2013,6,21,1,3,SR-71,,30.38297222,-98.0846,12,2,1,1,0,1,2,1,1,0
48,2013482017,482017,1,0,1,467,0,23,8,2013,6,13,10,1,I-20,,32.62384722,-95.9974,50,0,1,1,0,4,1,1,1,0
48,2013482018,482018,1,1,1,113,1730,26,8,2013,2,23,25,3,SR-67 MARVIN D LOVE FWY,,32.70613056,-96.8313,8,0,1,1,0,1,3,1,1,0
48,2013482019,482019,3,0,5,29,6090,27,8,2013,3,6,35,7,I-410,VALLEY HI,29.38063889,-98.641,12,6,2,2,0,1,3,1,1,0
48,2013482020,482020,2,0,1,135,5030,27,8,2013,3,23,34,5,E 38TH ST,CASTLE RD,31.88298889,-102.369,33,0,3,3,0,4,3,1,1,1
48,2013482021,482021,2,0,3,291,1770,27,8,2013,3,18,8,3,SR-146,FM1413,29.96094167,-94.9063,12,6,2,3,0,1,1,1,1,0
48,2013482022,482022,1,0,1,231,0,28,8,2013,4,7,24,1,I-30,,33.12930278,-95.9995,38,0,1,1,0,4,4,1,1,1
48,2013482023,482023,2,0,6,39,0,29,8,2013,5,6,55,3,SR-288,CR-56,29.437575,-95.4276,12,6,2,2,0,1,4,1,1,0
48,2013482024,482024,1,1,2,91,4870,30,8,2013,6,15,7,1,I-35,,29.68699167,-98.1219,8,0,1,1,0,1,1,1,1,0
48,2013482025,482025,2,0,3,401,0,30,8,2013,6,16,40,8,FM2658,,32.23837778,-94.5901,14,0,1,1,0,5,1,1,1,0
48,2013482026,482026,1,0,2,37,0,31,8,2013,7,16,50,2,US-82,,33.50046667,-94.5649,43,0,1,1,0,4,1,1,1,0
48,2013482027,482027,1,0,2,85,720,31,8,2013,7,12,45,3,SR-78,RIDGEWAY DR,33.29830556,-96.3948,1,0,3,3,0,1,1,1,1,0
48,2013482028,482028,1,0,1,231,0,31,8,2013,7,12,52,1,I-30,,33.06322222,-96.1541,1,0,1,1,0,1,1,1,1,0
48,2013482029,482029,1,0,2,29,6090,1,9,2013,1,2,17,1,I-35,,29.43818333,-98.4611,26,0,1,1,0,4,3,1,1,1
48,2013482030,482030,2,0,2,113,1730,1,9,2013,1,18,58,3,SR-78,,32.814125,-96.7248,12,2,1,1,0,1,1,1,1,1
48,2013482031,482031,1,0,4,165,0,1,9,2013,1,18,24,4,CR-109,,32.88471944,-102.571,1,0,1,1,0,4,1,1,1,0
48,2013482032,482032,2,0,2,185,5391,1,9,2013,1,21,20,8,FM 1774,,30.3417,-95.8722,12,2,1,1,0,1,2,1,1,1
48,2013482033,482033,1,0,1,201,3280,1,9,2013,1,6,25,1,I-10/KATY FWY,,29.78463056,-95.6423,20,0,1,1,0,8,3,1,1,0
48,2013482034,482034,1,0,1,349,0,1,9,2013,1,18,41,8,FM 1126,,32.17446111,-96.5579,30,0,1,1,0,4,1,1,1,1
48,2013482035,482035,1,0,1,367,364,1,9,2013,1,13,45,8,FM 730,CR-VEAL STATION RD,32.87741944,-97.5853,1,0,3,2,0,4,1,1,1,0
48,2013482036,482036,1,0,2,439,260,1,9,2013,1,5,42,1,I-30,,32.75982778,-97.0774,20,0,1,1,0,8,3,1,2,1
48,2013482037,482037,2,0,3,453,330,1,9,2013,1,3,5,3,SR-71,,30.20416111,-97.6416,12,6,1,1,0,1,2,1,1,1
48,2013482038,482038,1,1,1,157,4655,2,9,2013,2,20,0,8,FM 2234,,29.59151111,-95.5265,8,0,1,1,0,1,2,1,1,0
48,2013482039,482039,1,0,1,339,0,2,9,2013,2,20,24,3,SR-249,,30.15668889,-95.6675,33,0,1,1,0,4,2,1,1,0
48,2013482040,482040,2,0,2,439,3594,2,9,2013,2,8,43,8,FM 1938/DAVIS BLVD,LYNDHURST WAY,32.91755,-97.1866,12,6,2,3,1,1,1,2,1,0
48,2013482041,482041,2,0,6,449,0,2,9,2013,2,17,28,3,SR-49,FM 2348 / CR-4215,33.13786389,-94.9201,12,6,2,2,1,1,1,1,1,0
48,2013482042,482042,2,0,2,485,7490,2,9,2013,2,0,9,8,FM 367 VALLEY VIEW RD,SL 11 BEVERLY LP,33.91728333,-98.5391,12,6,2,4,0,1,3,1,1,0
48,2013482043,482043,1,0,1,29,6090,3,9,2013,3,2,25,5,DREXEL AVE,PRESA ST,29.40084444,-98.4828,38,0,3,3,0,5,2,1,1,1
48,2013482044,482044,1,1,1,29,6090,3,9,2013,3,5,41,5,MARTIN ST,SAN SABA ST,29.42963611,-98.4997,8,0,2,2,0,1,3,1,1,0
48,2013482045,482045,1,0,1,73,0,3,9,2013,3,13,4,2,US-69,,31.76291944,-95.121,1,0,1,1,0,4,1,1,1,1
48,2013482046,482046,1,0,3,217,0,3,9,2013,3,2,20,4,CR-3124,,31.9669,-97.0422,1,0,1,1,0,1,2,1,1,1
48,2013482047,482047,2,0,2,355,0,3,9,2013,3,13,30,8,FM 43,,27.6885,-97.4342,12,1,8,1,0,1,1,1,1,0
48,2013482048,482048,2,0,2,401,0,3,9,2013,3,23,14,3,SR-42,SR-64,32.19008611,-94.9508,12,1,3,2,0,1,2,1,1,1
48,2013482050,482050,1,0,2,121,1840,4,9,2013,4,2,50,8,SL 288,,33.25569722,-97.1803,43,0,1,1,1,5,2,10,1,1
48,2013482051,482051,1,1,1,231,0,4,9,2013,4,1,19,1,I-30,,33.02065833,-96.2021,8,0,1,1,0,1,2,1,1,0
48,2013482052,482052,2,0,6,325,0,4,9,2013,4,10,41,3,SR-173,,29.10944722,-98.8784,12,1,1,1,0,1,1,10,1,0
48,2013482053,482053,2,0,4,473,0,4,9,2013,4,8,47,1,I-10,,29.77732222,-95.9253,14,0,1,1,0,2,1,1,1,0
48,2013482054,482054,2,0,2,13,0,5,9,2013,5,8,20,3,SR-85,,28.85469444,-98.7335,12,2,1,1,0,1,1,1,1,0
48,2013482055,482055,1,1,1,91,0,5,9,2013,5,23,29,2,US-281,,29.91876944,-98.4107,8,0,1,1,1,1,2,1,1,0
48,2013482056,482056,1,0,1,161,0,5,9,2013,5,11,35,2,US-84,,31.65507778,-96.2412,1,0,1,1,0,4,1,10,1,0
48,2013482057,482057,2,0,2,201,3280,5,9,2013,5,20,0,5,LONG DR,CHAFFIN ST,29.68509167,-95.3057,12,6,2,2,0,1,2,10,1,0
48,2013482058,482058,1,1,1,401,0,5,9,2013,5,10,0,2,US-79,,32.11516944,-94.8363,8,0,1,1,0,1,1,1,1,0
48,2013482059,482059,1,0,2,407,0,5,9,2013,5,20,49,8,FM 2025,,30.45721944,-95.1274,42,0,1,1,0,4,2,1,2,1
48,2013482060,482060,1,0,1,439,2450,5,9,2013,5,23,0,1,I-20,,32.66136111,-97.2814,39,0,1,1,0,4,2,1,1,1
48,2013482061,482061,1,0,1,121,0,6,9,2013,6,15,10,8,FM 407,,33.09531944,-97.391,31,0,1,1,0,4,1,1,1,0
48,2013482062,482062,3,0,7,149,0,6,9,2013,6,20,48,3,SR-159,,29.95043056,-96.7957,12,1,8,1,0,1,2,1,1,0
48,2013482063,482063,2,0,2,265,0,6,9,2013,6,11,9,8,RM 187,,29.92518056,-99.5812,12,1,1,1,0,1,1,1,1,0
48,2013482064,482064,2,0,2,303,4140,6,9,2013,6,12,55,5,INDIANA AVE,81ST ST,33.52088611,-101.888,12,6,2,3,0,1,1,1,1,0
48,2013482065,482065,1,1,1,339,0,6,9,2013,6,10,40,1,I-45,,30.40855,-95.4881,8,0,1,1,1,5,1,1,1,0
48,2013482066,482066,1,1,3,381,0,6,9,2013,6,21,29,7,I-27,,35.0668,-101.919,8,0,1,1,0,1,2,1,1,1
48,2013482067,482067,1,1,1,29,6090,7,9,2013,7,23,0,5,SOUTHCROSS BLVD,FLORES ST,29.36872778,-98.4958,8,0,3,2,0,1,3,1,1,0
48,2013482068,482068,2,0,2,121,0,7,9,2013,7,8,11,2,US-377,FISHTRAP RD,33.23504167,-97.0152,12,6,2,2,0,1,1,1,1,0
48,2013482069,482069,2,0,2,171,0,7,9,2013,7,21,43,2,US-290,SQUIRREL RUN,30.2797,-98.9091,12,6,2,3,0,1,2,10,1,0
48,2013482070,482070,1,0,5,249,0,7,9,2013,7,18,50,4,CR-172,,27.92201944,-98.1893,1,0,1,1,0,4,1,10,1,0
48,2013482071,482071,2,0,2,371,0,7,9,2013,7,10,20,8,FM1450 SEVEN MILE RD,FM1053,31.19323611,-102.768,12,6,2,2,0,1,1,1,1,0
48,2013482072,482072,1,0,1,455,0,7,9,2013,7,8,15,8,FM230,,30.95806667,-95.4313,1,0,1,1,0,1,1,1,1,0
48,2013482073,482073,1,0,1,463,0,7,9,2013,7,4,39,8,FM2690,,29.323875,-99.7307,32,0,1,1,0,4,2,1,1,0
48,2013482074,482074,1,0,1,471,0,7,9,2013,7,15,26,1,I-45,,30.83661111,-95.718,42,0,1,1,0,4,1,2,1,0
48,2013482075,482075,1,0,2,113,1730,8,9,2013,1,15,16,8,SL12 S WALTON WALKER BLVD,,32.72588056,-96.9176,1,0,1,1,0,4,1,1,1,0
48,2013482076,482076,1,1,1,113,1730,8,9,2013,1,1,23,5,FOREST LN,,32.90908056,-96.7365,9,0,8,1,0,1,3,1,1,0
48,2013482077,482077,1,0,1,363,0,8,9,2013,1,12,14,1,I-20,,32.61066111,-98.1089,52,0,1,1,0,3,1,1,1,0
48,2013482078,482078,1,0,1,439,502,8,9,2013,1,2,30,3,SR-121/183 AIRPORT FWY,,32.84008611,-97.159,18,0,1,1,1,3,3,1,1,0
48,2013482079,482079,1,0,1,135,0,9,9,2013,2,9,35,2,US-385 S GRANT AVE,,31.66649167,-102.334,1,0,1,1,0,3,1,10,1,0
48,2013482080,482080,2,0,3,415,0,9,9,2013,2,8,36,4,CR-CAMP SPRINGS RD,,32.74895278,-100.746,12,6,1,1,0,1,1,1,1,0
48,2013482081,482081,1,0,1,29,6090,10,9,2013,3,2,10,1,I-410,US-90,29.39770556,-98.6497,25,0,19,1,0,4,3,1,1,1
48,2013482082,482082,5,0,6,113,1730,10,9,2013,3,10,9,1,I-635 LBJ FWY,,32.91703333,-96.8588,25,0,1,1,1,3,1,1,2,0
48,2013482083,482083,2,0,2,139,4570,10,9,2013,3,8,58,2,US-67,,32.45285,-97.0572,45,0,1,1,2,1,1,1,1,0