STATE,YEAR_ST_CASE,ST_CASE,VE_TOTAL,PEDS,PERSONS,COUNTY,CITY,DAY,MONTH,YEAR,DAY_WEEK,HOUR,MINUTE,ROUTE,TWAY_ID,TWAY_ID2,LATITUDE,LONGITUD,HARM_EV,MAN_COLL,RELJCT2,TYP_INT,WRK_ZONE,REL_ROAD,LGT_COND,WEATHER,FATALS,DRUNK_DR
48,2013482084,482084,2,0,3,329,0,10,9,2013,3,7,26,7,I-20,BI-20,32.04187778,-101.985,12,6,2,2,0,1,1,10,1,0
48,2013482085,482085,2,0,1,113,1730,11,9,2013,4,2,13,5,EASTON RD,,32.84222222,-96.6896,33,0,1,1,0,4,3,1,1,1
48,2013482086,482086,1,0,1,177,0,12,9,2013,5,9,41,2,US-183,,29.38427778,-97.3605,1,0,1,1,0,4,1,1,1,0
48,2013482087,482087,2,0,2,215,7330,12,9,2013,5,11,43,8,BU 83 S,,26.16223056,-98.0055,12,6,8,1,0,1,1,1,1,0
48,2013482088,482088,1,0,1,289,0,12,9,2013,5,15,48,1,I-45,,31.36784167,-96.0183,42,0,1,1,0,4,1,1,1,0
48,2013482089,482089,2,0,2,339,1510,12,9,2013,5,14,50,8,FM 3083,POLLOK DR,30.34995833,-95.4501,12,6,2,3,0,1,1,1,1,0
48,2013482090,482090,1,0,2,367,7280,12,9,2013,5,3,45,5,LAMAR ST,,32.75631111,-97.804,30,0,1,1,0,4,2,1,1,0
48,2013482091,482091,1,1,3,423,0,12,9,2013,5,6,42,3,SR-31 CHANDLER HWY,,32.33245833,-95.3824,8,0,1,1,0,1,4,1,1,0
48,2013482092,482092,4,0,5,29,0,13,9,2013,6,20,46,8,SL1604,,29.39333611,-98.2397,12,1,1,1,0,1,2,1,2,0
48,2013482093,482093,2,0,3,41,0,13,9,2013,6,20,24,3,SR-21,FM50,30.63881667,-96.5332,12,6,2,2,0,1,6,1,1,0
48,2013482094,482094,2,0,2,313,0,13,9,2013,6,2,54,2,US-190,,30.91348889,-96.0029,12,2,1,1,0,1,2,1,1,0
48,2013482095,482095,1,0,2,7,0,14,9,2013,7,16,35,4,CR-JACOBY LN,,27.93483056,-97.1396,30,0,1,1,0,4,1,1,2,1
48,2013482096,482096,1,0,1,241,0,14,9,2013,7,2,3,8,FM1007,,31.08780556,-94.0274,42,0,1,1,0,4,2,1,1,1
48,2013482097,482097,1,1,1,347,0,14,9,2013,7,0,9,2,US-259,,31.69729167,-94.6739,8,0,1,1,0,1,2,1,1,1
48,2013482098,482098,1,0,1,467,0,14,9,2013,7,6,45,8,FM17,,32.62396944,-95.7772,42,0,1,1,1,4,4,1,1,1
48,2013482099,482099,2,0,8,5,0,15,9,2013,1,13,0,3,SR-103,,31.34431111,-94.607,12,1,8,1,0,1,1,1,1,0
48,2013482100,482100,1,0,1,89,0,15,9,2013,1,8,3,3,SR-71,,29.79191944,-96.6555,52,0,1,1,0,4,1,1,1,0
48,2013482101,482101,2,0,5,113,387,15,9,2013,1,17,50,5,QUAIL DR,PIONEER RD,32.72424167,-96.6033,12,6,2,3,0,1,1,10,1,1
48,2013482102,482102,2,0,2,329,4560,15,9,2013,1,3,54,8,BS 348C RANKIN HWY,,31.97389444,-102.075,12,1,1,1,0,1,3,1,1,1
48,2013482103,482103,1,0,1,253,0,15,9,2013,1,22,45,8,FM 126,,32.569275,-100.02,1,0,1,1,0,4,2,1,1,1
48,2013482104,482104,1,0,1,183,0,16,9,2013,2,14,35,2,US-259,,32.65956944,-94.7545,52,0,1,1,0,4,1,1,1,0
48,2013482105,482105,3,0,3,499,0,16,9,2013,2,13,35,8,FM 852,,32.93673333,-95.2689,12,6,1,1,0,1,1,1,1,0
48,2013482106,482106,1,0,1,201,480,18,9,2013,4,5,51,8,BS 146E,CAUSEWAY RD,29.71410278,-94.9809,1,0,19,1,0,8,3,1,1,0
48,2013482107,482107,1,0,1,491,0,20,9,2013,6,10,53,1,I-35,,30.75724722,-97.633,42,0,1,1,0,10,1,2,1,0
48,2013482108,482108,2,0,3,167,6860,21,9,2013,7,20,41,3,SR-3,,29.42023056,-95.0088,12,2,1,1,0,1,2,1,2,1
48,2013482109,482109,1,0,1,439,2450,21,9,2013,7,23,15,5,JENNINGS AVE,,32.74613056,-97.3302,21,0,1,1,0,3,3,1,1,1
48,2013482110,482110,1,0,4,389,5280,23,3,2013,7,2,37,5,ROBERSON RD,,31.43333889,-103.498,30,0,1,1,0,4,3,1,1,1
48,2013482111,482111,2,0,3,273,3700,31,5,2013,6,20,19,5,JOHNSTON ST,6TH ST,27.51060556,-97.8675,12,6,2,3,0,1,1,1,1,0
48,2013482112,482112,2,0,2,389,5280,10,6,2013,2,19,24,8,FM 761,MONROE ST,31.40951111,-103.503,12,6,2,2,0,1,1,1,1,0
48,2013482113,482113,2,0,5,141,2190,11,6,2013,3,20,27,3,SR-20,PARAGON LN,31.81633056,-106.514,1,0,1,1,0,1,6,1,1,1
48,2013482114,482114,1,1,1,141,2190,16,6,2013,1,2,10,3,SR-375,,31.70451111,-106.282,8,0,1,1,0,2,3,10,1,0
48,2013482115,482115,1,0,1,141,2190,25,6,2013,3,2,49,5,DEER AVE,,31.90656111,-106.395,30,0,1,1,0,4,2,1,1,0
48,2013482116,482116,2,0,7,389,5280,7,7,2013,1,14,20,7,I-20,PALMER ST,31.39771667,-103.518,12,2,5,1,0,1,1,1,1,0
48,2013482117,482117,1,0,1,375,150,31,7,2013,4,10,47,5,3RD AVE,,35.20653889,-101.787,38,0,1,1,0,4,1,1,1,0
48,2013482118,482118,2,0,2,201,0,7,8,2013,4,3,33,1,I-45,,30.01648056,-95.4286,14,0,1,1,0,2,3,10,1,0
48,2013482119,482119,3,0,3,201,0,12,8,2013,2,17,23,2,US-290,SPRING CYPRESS RD,29.97148889,-95.6949,12,6,2,2,0,1,1,1,1,0
48,2013482120,482120,4,0,3,201,3280,12,8,2013,2,19,13,5,FRIENDLY RD,PARKER RD,29.85941944,-95.3275,12,6,2,2,0,1,1,1,1,2
48,2013482121,482121,1,0,1,201,0,15,8,2013,5,2,45,4,CR-SPRING CYPRESS RD,,30.04368889,-95.5078,1,0,1,1,0,4,2,10,1,1
48,2013482122,482122,1,0,2,491,6780,15,8,2013,5,22,0,8,FM397,,30.5868,-97.4422,30,0,1,1,0,4,2,1,1,1
48,2013482123,482123,1,0,3,439,2450,16,8,2013,6,15,26,3,SR-170,VICTORY LN,32.9853,-97.2422,33,0,3,3,0,3,1,1,1,0
48,2013482124,482124,2,0,7,201,0,19,8,2013,2,17,49,4,CR-SPRING STUEBNER RD,,30.08283056,-95.4523,12,6,8,1,0,1,1,1,1,0
48,2013482125,482125,1,0,1,303,4140,19,8,2013,2,11,53,8,SS331 SOUTHEAST DR,,33.5379,-101.793,10,0,6,1,0,1,1,1,1,0
48,2013482126,482126,2,0,5,201,0,24,8,2013,7,20,7,4,CR-W LITTLE YORK RD,CR-ADDICKS SATSUMA,29.86735556,-95.6329,12,6,2,2,0,1,3,10,1,1
48,2013482127,482127,2,0,2,293,4540,23,8,2013,6,5,49,3,SR-14,,31.62372778,-96.5195,12,8,1,1,0,1,2,1,1,1
48,2013482128,482128,2,0,5,201,0,24,8,2013,7,2,35,4,CR-FAIRBANKS N HOUSTON RD,,29.90315278,-95.5249,12,6,8,1,0,1,3,1,1,2
48,2013482129,482129,1,0,1,355,1550,24,8,2013,7,2,20,5,OCEAN DR,,27.78043889,-97.395,33,0,1,1,0,4,3,10,1,0
48,2013482130,482130,1,0,3,167,0,28,8,2013,4,22,43,4,CR-AVE C,CR-3RD ST,29.4925,-94.9136,35,0,3,3,0,4,2,1,1,0
48,2013482131,482131,1,1,1,491,5990,29,8,2013,5,23,27,8,BI35L N MAYS ST,,30.527225,-97.6874,8,0,1,1,0,1,2,1,1,0
48,2013482132,482132,1,1,1,245,5430,30,8,2013,6,9,30,3,SR-87,W 7TH AVE,29.90540556,-93.9227,9,0,3,2,0,1,1,1,1,0
48,2013482133,482133,1,0,1,29,6090,31,8,2013,7,7,48,5,FIVE PALMS DR,,29.37552222,-98.6137,38,0,1,1,0,4,1,1,1,1
48,2013482134,482134,1,1,1,201,3280,31,8,2013,7,4,6,5,LINDEN,,29.70843611,-95.2973,8,0,1,1,0,1,3,1,1,0
48,2013482135,482135,2,0,5,135,5030,4,9,2013,4,14,4,5,E 8TH ST,N MUSKINGUM AVE,31.85380833,-102.366,12,6,2,2,0,1,1,1,1,0
48,2013482136,482136,2,0,2,391,0,5,9,2013,5,12,50,2,US-77,,28.39157222,-97.1859,12,7,1,1,0,1,1,2,1,1
48,2013482137,482137,1,1,1,473,910,5,9,2013,5,8,28,8,FM1489,,29.78256667,-95.9674,8,0,1,1,0,4,1,1,1,0
48,2013482138,482138,2,0,3,469,7190,6,9,2013,6,14,57,2,US-59,BU59T,28.84761111,-96.8977,12,6,7,1,0,1,1,1,2,0
48,2013482139,482139,2,0,2,121,1545,6,9,2013,6,8,35,5,ROBINSON RD,OAKMONT DR,33.15530278,-97.0849,12,6,2,4,0,1,1,1,1,0
48,2013482140,482140,1,0,1,439,6485,6,9,2013,6,15,41,5,S WHITE CHAPEL BLVD,,32.93884167,-97.1523,33,0,1,1,0,4,1,1,1,0
48,2013482141,482141,1,0,4,29,0,7,9,2013,7,14,32,3,SR-16,,29.59407778,-98.7027,43,0,1,1,0,4,1,10,1,0
48,2013482142,482142,1,0,1,201,3280,8,9,2013,1,23,16,1,I-10,,29.77670833,-95.4009,20,0,5,1,0,8,3,10,1,1
48,2013482143,482143,2,0,3,123,7640,9,9,2013,2,15,46,3,SR-119 N MEHNERT ST,W 10TH ST,28.98843056,-97.5121,12,6,2,3,0,1,1,2,2,0
48,2013482144,482144,2,0,2,225,2840,10,9,2013,3,18,44,2,US-287,FM227,31.50008889,-95.4747,12,6,2,2,0,1,1,1,1,0
48,2013482145,482145,2,0,3,453,330,10,9,2013,3,13,22,8,FM969 MLK JR BLVD,E M FRANKLIN AVE,30.28375833,-97.6962,12,6,2,2,0,1,1,1,1,0
48,2013482146,482146,1,0,3,21,0,12,9,2013,5,15,19,8,FM969,,30.17151667,-97.4103,38,0,1,1,0,4,1,10,1,0
48,2013482147,482147,2,0,2,147,760,11,9,2013,4,20,18,3,SR-56 SAM RAYBURN DR,SR-121,33.57720556,-96.1924,12,6,3,3,0,1,3,1,1,1
48,2013482148,482148,2,0,3,171,0,12,9,2013,5,8,12,3,SR-16,,30.20185556,-98.989,12,2,1,1,0,1,1,1,1,0
48,2013482149,482149,2,0,2,27,6810,13,9,2013,6,18,23,8,FM93,FM1741,31.03731944,-97.3925,12,6,2,3,0,1,1,1,1,0
48,2013482150,482150,2,0,2,29,6090,13,9,2013,6,21,36,8,FM3487 CULEBRA RD,MICRON DR,29.46659444,-98.647,33,0,3,2,0,3,3,1,1,1
48,2013482151,482151,3,0,3,113,1730,13,9,2013,6,2,0,1,I-30,,32.87015556,-96.5322,14,0,1,1,0,2,2,10,1,1
48,2013482152,482152,1,1,1,141,2190,13,9,2013,6,2,17,5,LEE TREVINO DR,,31.78211944,-106.323,8,0,1,1,0,1,3,1,1,1
48,2013482153,482153,1,1,1,201,3280,13,9,2013,6,7,25,5,HOLMES RD,,29.65351111,-95.4443,8,0,1,1,0,1,1,1,1,0
48,2013482154,482154,1,0,1,373,0,13,9,2013,6,18,9,2,US-190,,30.76205556,-95.0281,32,0,1,1,0,4,1,1,1,1
48,2013482155,482155,2,0,3,439,2850,13,9,2013,6,18,0,3,SR-26/114,,32.9278,-97.0917,39,0,1,1,0,4,1,10,1,0
48,2013482156,482156,1,0,1,479,3899,13,9,2013,6,1,29,1,I-35 RAMP,,27.57244167,-99.5024,30,0,5,1,0,10,3,99,1,0
48,2013482157,482157,1,1,2,29,6090,14,9,2013,7,21,8,8,FM 2252,TOEPPERWEIN RD,29.58328056,-98.3654,8,0,2,3,0,1,3,1,1,0
48,2013482158,482158,2,0,2,39,0,14,9,2013,7,12,49,3,SR-288 RAMP,BS 288 B,29.00200278,-95.3875,21,0,3,2,0,3,1,1,1,0
48,2013482159,482159,2,0,3,167,0,14,9,2013,7,12,35,3,SR-87,,29.49226111,-94.5442,12,6,8,1,0,1,1,1,1,0
48,2013482160,482160,1,1,1,493,0,14,9,2013,7,21,57,3,SR-97,,29.21927222,-98.0669,8,0,1,1,0,1,2,1,1,0
48,2013482161,482161,3,0,7,113,1730,15,9,2013,1,0,15,1,I-20/LYNDON B JOHNSON FWY,,32.66991667,-96.9395,12,2,1,1,0,1,2,1,1,1
48,2013482162,482162,1,0,2,121,0,15,9,2013,1,1,0,4,CR-SAM REYNOLDS RD,,33.05355556,-97.3063,30,0,1,1,0,4,2,1,1,1
48,2013482163,482163,1,1,1,127,0,15,9,2013,1,4,30,3,SR-85,,28.57335,-99.5638,8,0,1,1,0,1,2,1,1,0
48,2013482164,482164,1,0,1,165,0,15,9,2013,1,18,2,2,US-62,,32.90371944,-102.605,32,0,1,1,0,3,1,1,1,0
48,2013482165,482165,2,0,3,227,0,15,9,2013,1,11,30,1,I-20,,32.209,-101.598,12,2,1,1,0,1,1,1,2,0
48,2013482166,482166,1,0,2,435,0,15,9,2013,1,1,10,1,I-10,,30.64938056,-100.914,21,0,1,1,0,3,2,1,2,0
48,2013482167,482167,2,0,4,453,0,15,9,2013,1,16,50,3,SR-71,CR-VAIL DIVIDE,30.31809167,-97.996,12,6,2,2,0,1,1,10,1,0
48,2013482168,482168,2,0,3,55,0,16,9,2013,2,15,20,3,SR-142,,29.86663056,-97.8126,12,6,1,1,0,1,1,2,1,0
48,2013482169,482169,3,0,3,85,5390,16,9,2013,2,23,55,5,PRESIDENT GEORGE BUSH TURNPIKE,,33.01243056,-96.8019,14,0,1,1,0,2,3,1,1,1
48,2013482170,482170,2,0,3,213,0,16,9,2013,2,14,0,8,SL 7,,32.16585,-95.8692,12,6,1,1,0,1,1,1,1,1
48,2013482171,482171,2,1,2,215,4197,16,9,2013,2,2,22,7,US-83,S WARE RD,26.19506111,-98.2637,8,0,2,3,0,1,3,2,1,0
48,2013482172,482172,1,0,2,219,0,16,9,2013,2,11,5,2,US-84,,33.78403333,-102.134,42,0,1,1,0,4,1,1,1,0
48,2013482173,482173,2,0,4,469,0,16,9,2013,2,20,40,2,US-77,,28.84135,-97.0539,23,0,1,1,0,4,2,1,1,0
48,2013482174,482174,1,0,1,375,150,17,9,2013,3,23,13,5,S COULTER ST,,35.13939722,-101.92,33,0,1,1,0,4,3,1,1,0
48,2013482175,482175,3,0,5,417,0,17,9,2013,3,8,0,3,SR-351,,32.56438333,-99.5441,12,2,1,1,0,1,1,2,2,1
48,2013482176,482176,2,0,2,27,0,18,9,2013,4,6,49,3,SR-317,,31.25024167,-97.3839,12,1,1,1,0,2,1,1,1,0
48,2013482177,482177,2,0,4,245,0,18,9,2013,4,4,0,1,I-10,,29.9619,-94.2344,12,1,1,1,0,1,2,1,2,0
48,2013482178,482178,2,0,2,423,0,18,9,2013,4,10,15,8,SL323,FM14,32.38964167,-95.2857,12,1,3,2,0,1,1,1,1,0
48,2013482179,482179,1,0,2,19,0,19,9,2013,5,12,53,8,RM187,,29.66611944,-99.5446,38,0,1,1,0,5,1,10,2,1
48,2013482180,482180,3,0,4,19,0,19,9,2013,5,15,33,8,FM1283,,29.71874722,-98.936,12,2,1,1,0,1,1,10,1,1
48,2013482181,482181,1,0,4,343,0,19,9,2013,5,22,50,4,CR-RANES RD,,33.17356389,-94.6668,1,0,1,1,0,4,2,2,2,1
48,2013482182,482182,1,0,1,345,0,19,9,2013,5,20,27,3,SR-70,,33.93548333,-100.847,1,0,1,1,0,4,2,10,1,1
48,2013482183,482183,2,0,2,39,0,20,9,2013,6,8,48,8,FM-521,,29.01029167,-95.5927,12,2,1,1,0,1,1,2,1,0
48,2013482184,482184,1,0,7,275,3730,20,9,2013,6,22,30,3,SR-222,,33.4191,-99.8253,35,0,1,1,0,4,3,10,1,1
48,2013482185,482185,4,0,7,423,0,20,9,2013,6,18,22,1,I-20,,32.44488889,-95.1441,12,1,1,1,0,1,1,2,1,0
48,2013482186,482186,2,0,5,17,0,21,9,2013,7,14,5,2,US-84,FM 3269,34.19045556,-102.672,12,1,3,3,0,1,1,1,1,0
48,2013482187,482187,2,0,2,113,1730,21,9,2013,7,17,13,5,HILLCREST RD,ALPHA RD,32.93322778,-96.7862,12,6,2,2,0,1,1,1,1,0
48,2013482188,482188,2,0,3,11,0,22,9,2013,1,16,50,3,SR-207,,34.84595,-101.407,12,7,1,1,0,1,1,1,2,2
48,2013482189,482189,1,0,5,65,0,22,9,2013,1,15,27,1,I-40,,35.20758333,-101.322,18,0,1,1,0,1,1,1,1,0
48,2013482190,482190,4,0,10,201,3280,22,9,2013,1,2,49,7,US-59,HILLCROFT AVE,29.72306944,-95.501,12,6,2,2,0,1,3,1,1,1
48,2013482191,482191,1,0,1,439,2990,22,9,2013,1,21,8,3,SR-121 AIRPORT FWY,,32.78914167,-97.255,24,0,1,1,0,4,3,1,1,1
48,2013482192,482192,2,0,2,167,3920,23,9,2013,2,0,41,1,I-45,,29.516325,-95.1218,12,1,1,1,0,1,3,1,1,1
48,2013482193,482193,2,1,1,265,3670,23,9,2013,2,16,48,5,COMANCHE TRACE DR,,29.98809722,-99.1259,8,0,1,1,0,1,1,1,1,0
48,2013482194,482194,1,1,1,297,0,23,9,2013,2,20,45,1,I-37,,28.38305,-98.0571,8,0,5,1,0,1,2,10,1,0
48,2013482195,482195,2,0,2,441,30,23,9,2013,2,15,26,5,PLUM ST,N 10TH ST,32.46019167,-99.7281,12,6,2,2,0,1,1,1,1,0
48,2013482196,482196,2,0,2,121,2395,25,9,2013,4,19,21,5,DIXON LN,,33.06648056,-97.0738,12,1,1,1,0,1,3,1,1,1
48,2013482197,482197,1,0,1,135,0,25,9,2013,4,2,2,3,SR-302,,31.87666944,-102.425,1,0,1,1,0,3,2,1,1,1
48,2013482198,482198,3,0,4,29,6090,26,9,2013,5,18,13,8,FM2252 PERRIN BEITEL RD,PERRIN CENTRAL BLVD,29.53303333,-98.4111,12,6,2,3,0,1,1,1,1,1
48,2013482199,482199,1,0,1,29,6090,26,9,2013,5,11,27,5,TOEPPERWEIN,SPANISH EARTH RD,29.57980833,-98.3632,33,0,3,3,0,4,1,1,1,0
48,2013482200,482200,1,1,1,29,6090,27,9,2013,6,6,50,5,SP345 S FREDRICKSBURG RD,,29.47524722,-98.5368,15,0,1,1,0,1,3,10,1,0
48,2013482201,482201,1,1,4,439,2450,27,9,2013,6,21,50,2,US-377/CAMP BOWIE WEST,,32.72158889,-97.4369,9,0,1,1,0,1,2,10,1,0
48,2013482202,482202,1,0,5,435,0,29,9,2013,1,18,0,1,I-10,,30.58035,-100.652,1,0,1,1,0,4,1,1,2,0
48,2013482203,482203,2,0,7,39,0,2,9,2013,2,12,50,3,SR-36,,28.96608611,-95.408,12,6,1,1,0,1,1,2,1,0
48,2013482204,482204,1,1,1,215,0,2,9,2013,2,22,35,2,US-83,,26.25915,-98.5321,8,0,1,1,0,1,2,1,1,0
48,2013482205,482205,2,1,6,257,6830,8,9,2013,1,2,26,3,SR-205,,32.77501944,-96.312,8,0,1,1,0,1,2,1,1,0
48,2013482206,482206,2,0,2,245,5470,12,9,2013,5,9,48,8,FM 301965,GOODWIN ST,29.97574167,-93.9667,12,6,2,2,0,1,1,1,1,0
48,2013482207,482207,2,0,6,209,0,13,9,2013,6,13,22,2,US-290,BELTERRA DR,30.20253889,-97.9853,12,6,2,2,0,1,1,1,4,0
48,2013482208,482208,3,0,8,439,0,13,9,2013,6,21,55,8,FM 1187,,32.62412222,-97.53,12,1,1,1,0,1,2,1,1,1
48,2013482209,482209,2,0,6,215,1970,15,9,2013,1,21,1,8,BU 83S/HOOKS AVE,,26.17507222,-98.0756,12,1,1,1,0,1,3,1,1,0
48,2013482210,482210,2,0,2,139,0,18,9,2013,4,17,0,1,I-35E,,32.25045,-96.8746,14,0,1,1,0,2,1,1,1,0
48,2013482211,482211,2,0,6,365,0,19,9,2013,5,0,55,2,US-59,,32.28018056,-94.3502,12,6,7,1,0,1,2,1,2,0
48,2013482212,482212,1,0,1,123,0,20,9,2013,6,15,42,3,SR-119,,29.04075556,-97.5799,32,0,1,1,0,4,1,2,1,0
48,2013482213,482213,2,0,2,265,3382,20,9,2013,6,10,50,3,SR-39,,30.07228889,-99.2511,12,2,1,1,1,1,1,2,1,0
48,2013482214,482214,2,0,5,453,330,20,9,2013,6,20,37,8,FM2304,DAVIS LN,30.18592222,-97.8163,12,6,2,2,0,1,3,1,1,1
48,2013482215,482215,2,0,2,121,0,22,9,2013,1,18,35,2,US-380,,33.24015,-97.348,12,6,8,1,1,1,1,1,1,0
48,2013482216,482216,2,0,2,127,1180,22,9,2013,1,14,52,2,US-83 N 1ST ST,FM790 N 9TH ST,28.53960556,-99.8492,12,6,2,3,0,1,1,10,1,0
48,2013482217,482217,2,1,3,135,5030,22,9,2013,1,1,25,8,BI20E E 2ND ST,,31.84963056,-102.36,8,0,1,1,0,1,3,1,1,0
48,2013482218,482218,1,1,3,201,3280,22,9,2013,1,2,30,8,UA90 OLD SPANISH TRL,,29.70085,-95.3762,8,0,1,1,0,3,3,1,1,0
48,2013482219,482219,2,0,3,387,0,22,9,2013,1,0,24,2,US-82,,33.65593056,-95.2947,12,2,1,1,0,1,2,1,1,0
48,2013482220,482220,2,0,2,135,0,23,9,2013,2,22,38,1,I-20,,31.71456111,-102.638,12,2,1,1,0,1,2,1,1,1
48,2013482221,482221,2,0,4,245,0,23,9,2013,2,22,27,3,SR-73,,29.82528889,-94.326,12,1,1,1,0,1,2,1,1,0
48,2013482222,482222,2,0,2,23,0,26,9,2013,5,17,48,2,US-82/277,,33.67166111,-99.1287,12,6,8,1,0,1,1,1,1,0
48,2013482223,482223,2,0,2,39,0,27,9,2013,6,9,0,3,SR-35,,29.0975,-95.6921,59,0,1,1,0,3,1,1,1,0
48,2013482224,482224,1,0,4,163,0,27,9,2013,6,0,21,8,FM 140,,28.90466944,-98.8983,52,0,1,1,0,4,2,1,1,1
48,2013482225,482225,2,0,3,409,0,27,9,2013,6,17,22,3,SR-35,CR-114,27.9238,-97.1608,12,6,2,2,0,1,1,1,1,0
48,2013482226,482226,1,0,1,149,0,28,9,2013,7,3,4,8,FM 609,,29.72133056,-97.0681,32,0,1,1,0,4,2,2,1,0
48,2013482227,482227,2,0,3,453,0,28,9,2013,7,8,30,8,FM 973,,30.23382222,-97.6265,12,2,1,1,0,1,1,10,1,1
48,2013482228,482228,1,3,3,453,330,28,9,2013,7,11,9,5,GLEN MEADOW DR,AINSWORTH ST,30.20416944,-97.7779,38,0,3,3,0,4,1,1,1,0
48,2013482229,482229,1,0,1,29,6090,29,9,2013,1,14,29,1,I-37,SL 13,29.35258611,-98.428,25,0,19,1,0,4,1,1,1,0
48,2013482230,482230,2,0,3,73,6040,29,9,2013,1,1,13,2,US-84,,31.79579722,-95.1562,12,2,1,1,0,1,2,10,1,1
48,2013482231,482231,1,0,1,91,0,29,9,2013,1,21,2,4,CR-RIVER RD,,29.73830556,-98.1309,38,0,1,1,0,4,2,10,1,1
48,2013482232,482232,2,0,2,215,4197,29,9,2013,1,2,39,3,SR-107,,26.31225556,-98.2368,12,1,1,1,0,1,2,1,1,1
48,2013482233,482233,1,0,1,425,0,29,9,2013,1,17,30,8,FM 51,,32.23486944,-97.9047,59,0,1,1,0,4,1,1,1,1
48,2013482234,482234,1,0,2,401,0,2,9,2013,2,9,35,3,SR-64,,32.17565556,-94.885,32,0,1,1,0,4,1,10,1,0
48,2013482235,482235,1,0,1,439,2450,3,9,2013,3,6,0,1,I-35W SOUTH FWY,,32.74210833,-97.3202,1,0,18,1,0,1,3,1,1,0
48,2013482236,482236,1,0,1,453,330,4,9,2013,4,2,15,8,FM 1825,WELLS BRANCH PKWY,30.44114167,-97.6662,30,0,3,2,0,4,3,1,1,0
48,2013482237,482237,2,0,1,121,3960,9,9,2013,2,2,55,3,SR-121 SAM RAYBURN TLWY,,33.00948333,-96.9462,12,1,18,1,0,1,2,1,1,0
48,2013482238,482238,1,0,1,139,0,10,9,2013,3,18,37,1,I-35E,,32.24800278,-96.8754,1,0,1,1,0,1,1,1,1,0
48,2013482239,482239,1,0,1,201,3280,10,9,2013,3,6,10,5,CAMBRIDGE ST,,29.71486111,-95.3956,33,0,1,1,0,4,3,2,1,0
48,2013482240,482240,1,1,2,47,0,11,9,2013,4,22,19,4,CR-300 / RANCHITO RD,,27.20536111,-98.1515,8,0,1,1,0,4,2,1,1,0
48,2013482241,482241,1,0,1,375,150,14,9,2013,7,3,32,8,SL 335/LAKESIDE,,35.20089722,-101.742,21,0,1,1,0,4,3,10,1,1
48,2013482242,482242,2,0,3,453,7354,15,9,2013,1,10,0,8,RM 2244/BEE CAVE RD,RED BUD TRL,30.29291944,-97.8227,12,1,3,2,0,1,1,10,1,0
48,2013482243,482243,2,0,2,479,0,16,9,2013,2,13,8,3,SR-359,,27.45173889,-99.0704,12,2,1,1,0,1,1,2,1,0
48,2013482244,482244,2,0,3,239,0,17,9,2013,3,9,17,2,US-59,,29.06283056,-96.4822,12,1,1,1,0,1,1,10,1,0
48,2013482245,482245,1,0,1,37,6850,19,9,2013,5,15,25,2,US-59/JARVIS PKWY,,33.43933056,-94.0969,1,0,1,1,0,1,1,1,1,0
48,2013482246,482246,1,0,1,353,0,20,9,2013,6,14,10,1,I-35,,32.44005,-100.513,1,0,20,1,0,1,1,2,1,0
48,2013482247,482247,2,0,2,397,0,21,9,2013,7,14,28,8,FM 548,,32.89028611,-96.3355,12,2,1,1,0,1,1,1,1,1
48,2013482248,482248,1,0,1,219,0,22,9,2013,1,4,20,2,US-84,,33.77626944,-102.122,1,0,1,1,0,2,2,1,1,0
48,2013482249,482249,2,0,2,139,0,23,9,2013,2,22,40,4,CR-LOCUST DR,,32.52039444,-96.8438,12,1,1,1,0,1,2,1,1,1
48,2013482250,482250,1,0,1,249,0,23,9,2013,2,6,32,3,SR-44,CR-336,27.778,-97.958,1,0,2,2,1,1,2,5,1,0
48,2013482251,482251,1,0,1,113,3420,24,9,2013,3,12,58,7,SR-114 JOHN W CARPENTER,FREEPORT PKWY,32.920575,-97.0212,1,0,5,1,0,1,1,1,1,0
48,2013482252,482252,2,0,3,465,0,24,9,2013,3,8,30,2,US-277,,29.33835556,-100.849,12,2,1,1,0,1,1,1,2,0