STATE,YEAR_ST_CASE,ST_CASE,VE_TOTAL,PEDS,PERSONS,COUNTY,CITY,DAY,MONTH,YEAR,DAY_WEEK,HOUR,MINUTE,ROUTE,TWAY_ID,TWAY_ID2,LATITUDE,LONGITUD,HARM_EV,MAN_COLL,RELJCT2,TYP_INT,WRK_ZONE,REL_ROAD,LGT_COND,WEATHER,FATALS,DRUNK_DR
48,2013482253,482253,1,0,4,375,150,27,9,2013,6,14,25,8,SL 335 LAKESIDE DR,,35.23195833,-101.742,38,0,1,1,0,4,1,10,3,0
48,2013482254,482254,1,0,1,165,0,28,9,2013,7,9,6,4,CR-245,,32.84586944,-103.014,1,0,1,1,0,4,1,1,1,0
48,2013482255,482255,1,1,1,201,3280,28,9,2013,7,19,39,2,US-59 SOUTHWEST FWY,,29.72599444,-95.4876,8,0,20,1,0,1,2,1,1,0
48,2013482256,482256,1,1,4,329,0,28,9,2013,7,23,0,1,I-20,,31.91211111,-102.214,8,0,18,1,0,1,2,1,1,0
48,2013482257,482257,1,1,2,493,0,28,9,2013,7,19,53,2,US-87,FM 1107,29.25025,-97.8384,8,0,2,2,0,1,2,10,1,0
48,2013482258,482258,2,0,5,39,130,29,9,2013,1,13,6,8,FM 1462,CR 172 / PARKER SCHOOL RD,29.39876389,-95.2637,12,2,2,2,0,1,1,2,1,0
48,2013482259,482259,2,0,7,445,0,29,9,2013,1,2,30,2,US-62 / 385,,32.96262222,-102.533,12,1,1,1,0,1,2,1,5,2
48,2013482260,482260,1,1,1,113,1730,30,9,2013,2,23,30,1,I-35E STEMMONS FWY,,32.78381111,-96.8118,8,0,18,1,0,1,3,1,1,0
48,2013482261,482261,1,0,1,201,3280,30,9,2013,2,10,50,5,MARTIN LUTHER KING BLVD,,29.66396111,-95.3371,42,0,1,1,0,3,1,10,1,0
48,2013482262,482262,1,0,1,323,2030,30,9,2013,2,11,40,3,SR-131,,29.00103333,-100.49,1,0,1,1,0,4,1,1,1,0
48,2013482263,482263,2,0,2,479,3899,4,6,2013,3,12,19,2,US-83,MAGANA HEIN RD,27.40053611,-99.4784,12,6,2,3,0,1,1,1,1,0
48,2013482264,482264,2,0,3,241,0,12,7,2013,6,16,5,3,SR-63,,30.92227778,-94.0663,12,6,8,1,0,1,1,1,1,0
48,2013482265,482265,1,0,2,113,1730,13,7,2013,7,15,49,5,AVERILL WAY,,32.86646667,-96.8022,19,0,1,1,0,5,1,1,1,0
48,2013482266,482266,2,1,0,141,2190,16,7,2013,3,15,2,5,DESIERTO SECO RD,,31.86711667,-106.56,8,0,1,1,0,1,1,10,1,0
48,2013482267,482267,1,1,1,303,4140,28,7,2013,1,21,54,5,SLIDE RD,,33.54973611,-101.922,15,0,1,1,0,1,3,1,1,0
48,2013482268,482268,1,0,1,439,0,7,8,2013,4,23,25,5,BONDS RANCH RD,,32.92271667,-97.4576,1,0,1,1,0,4,2,1,1,1
48,2013482269,482269,2,0,4,201,0,31,8,2013,7,11,10,4,CR-LAKE HOUSTON PKWY,,30.00722778,-95.1678,12,7,1,1,0,1,1,1,1,0
48,2013482270,482270,1,0,1,201,0,31,8,2013,7,21,35,5,RANKIN RD,,29.96581667,-95.4149,43,0,1,1,0,4,2,1,1,1
48,2013482271,482271,2,0,2,201,0,5,9,2013,5,2,5,7,US-290,,29.92988056,-95.6397,14,0,1,1,0,4,2,1,1,0
48,2013482272,482272,3,0,4,201,0,7,9,2013,7,11,56,1,I-10,,29.77573889,-95.1336,12,1,1,1,0,1,1,10,1,1
48,2013482273,482273,2,0,3,389,0,7,9,2013,7,0,45,1,I-20,,31.15445,-103.984,12,1,1,1,0,1,2,1,1,0
48,2013482274,482274,1,0,5,453,330,8,9,2013,1,1,46,7,I-35,,30.37579444,-97.676,30,0,1,1,0,4,2,1,1,1
48,2013482275,482275,1,0,1,29,4015,14,9,2013,7,15,28,2,US-218 W PAT BOOKER RD,,29.56345556,-98.3394,33,0,19,1,0,4,1,1,1,0
48,2013482276,482276,1,0,2,201,0,14,9,2013,7,9,35,4,CR-W CEDAR BAYOU LYNCHBURG RD,,29.78344722,-95.0109,32,0,1,1,0,4,1,1,1,0
48,2013482277,482277,2,0,3,201,0,15,9,2013,1,0,30,8,FM1960,,30.02029722,-95.4331,33,0,1,1,0,4,3,1,1,2
48,2013482278,482278,1,1,1,201,0,15,9,2013,1,3,20,4,CR-AIRLINE DR,,29.90311111,-95.4007,8,0,1,1,0,1,3,1,1,0
48,2013482279,482279,1,0,2,201,0,15,9,2013,1,6,50,4,CR-WOODFOREST BLVD,,29.78880833,-95.1431,33,0,1,1,0,4,1,1,1,1
48,2013482280,482280,2,0,3,201,3280,17,9,2013,3,10,40,8,FM1093 WESTHEIMER RD,HILLCROFT ST,29.73761389,-95.5009,12,6,2,2,0,1,1,1,1,0
48,2013482281,482281,1,0,2,201,0,20,9,2013,6,22,45,2,US-290,,30.05745833,-95.8909,24,0,19,1,0,4,2,2,1,0
48,2013482282,482282,1,1,1,141,2190,21,9,2013,7,20,55,3,SR-20,,31.77848611,-106.504,8,0,1,1,0,1,3,1,1,0
48,2013482283,482283,2,0,3,201,3280,22,9,2013,1,0,2,8,FM 865 CULLEN BLVD,ACRES DR,29.64238333,-95.356,12,6,2,3,0,1,3,1,1,0
48,2013482284,482284,3,0,4,439,4965,22,9,2013,1,16,20,5,RUFE SNOW BLVD,,32.85919444,-97.2381,12,6,8,1,0,1,1,1,1,0
48,2013482285,482285,1,0,1,113,1730,23,9,2013,2,3,0,1,I-20,,32.68800833,-96.6351,24,0,1,1,0,4,3,1,1,1
48,2013482286,482286,2,0,4,141,2190,24,9,2013,3,13,52,5,WALTER JONES BLVD,,31.82713333,-106.367,12,6,1,1,0,1,1,1,1,0
48,2013482287,482287,1,0,1,201,0,25,9,2013,4,22,49,4,CR-LITTLE YORK RD,,29.86581667,-95.53,34,0,1,1,0,4,2,1,1,1
48,2013482288,482288,2,0,3,201,480,25,9,2013,4,12,45,7,SS 330 DECKER DR,,29.77789722,-95.0203,12,6,1,1,0,1,1,10,1,0
48,2013482289,482289,2,0,2,439,260,25,9,2013,4,7,6,7,I-30,COOPER ST,32.759325,-97.1145,12,6,2,4,0,1,2,1,1,0
48,2013482290,482290,2,0,2,201,0,27,9,2013,6,1,30,4,CR-BAMMEL N HOUSTON DR,CR-KLEINBROOK DR,29.95670833,-95.4983,12,6,2,2,0,1,3,10,1,1
48,2013482291,482291,1,1,1,201,0,27,9,2013,6,20,55,8,FM 529/SPENCER ROAD,,29.87936944,-95.6251,8,0,1,1,0,1,2,1,1,0
48,2013482292,482292,1,0,1,59,0,28,9,2013,7,2,17,8,FM 603/CR-227,,32.26354167,-99.5713,32,0,1,1,0,5,2,1,1,1
48,2013482293,482293,3,0,4,113,1730,28,9,2013,7,11,17,1,I-20/LYNDON B JOHNSON FWY,,32.67024167,-96.9281,12,1,1,1,0,1,1,1,1,1
48,2013482294,482294,2,0,4,37,6850,29,9,2013,1,2,3,2,US-71/STATE LINE AVE,14TH ST,33.43453889,-94.0432,12,6,2,2,0,1,3,2,2,1
48,2013482295,482295,2,0,2,283,0,30,9,2013,2,14,20,3,SR-7,,28.4375,-98.8876,12,1,1,1,0,1,1,1,1,0
48,2013482296,482296,1,1,3,13,0,1,10,2013,3,20,18,3,SR-16,,29.14311944,-98.5906,8,0,1,1,0,2,2,1,1,0
48,2013482297,482297,1,0,2,113,1730,1,10,2013,3,1,0,5,BRYAN ST,,32.78464167,-96.7967,31,0,1,1,0,4,3,1,1,1
48,2013482298,482298,2,0,2,203,4360,1,10,2013,3,11,21,2,US-59/EAST END BLVD,ELYSIAN FIELDS RD,32.53593889,-94.3499,12,6,2,2,0,1,1,1,1,0
48,2013482299,482299,2,0,4,423,0,1,10,2013,3,20,48,3,SR-31,CR-2279,32.36231944,-95.1361,12,6,2,3,0,1,2,1,1,0
48,2013482300,482300,1,0,3,439,2990,1,10,2013,3,18,39,5,CARSON RD,,32.78537222,-97.2567,10,0,6,1,0,1,5,1,1,0
48,2013482301,482301,2,0,2,469,0,1,10,2013,3,18,16,8,FM236,,28.836,-97.121,12,6,1,1,0,1,1,1,1,0
48,2013482303,482303,2,0,4,201,3280,2,10,2013,4,3,30,5,TEXAS AVE,CHARTRES,29.75475556,-95.3539,12,6,2,2,1,1,3,10,1,1
48,2013482304,482304,2,0,2,255,0,2,10,2013,4,7,40,2,US-181,,28.93345278,-97.9622,12,2,1,1,0,1,1,1,2,0
48,2013482305,482305,2,1,3,27,0,3,10,2013,5,19,22,3,SR-36 AIRPORT RD,,31.21145,-97.4539,8,0,1,1,0,2,2,1,1,1
48,2013482306,482306,1,0,1,89,0,3,10,2013,5,11,11,2,US-90,,29.691925,-96.6555,38,0,1,1,0,4,1,2,1,0
48,2013482307,482307,1,0,1,309,0,3,10,2013,5,6,14,1,I-35,,31.83388333,-97.0915,20,0,5,1,1,4,2,10,1,0
48,2013482308,482308,1,0,2,357,0,3,10,2013,5,8,35,8,FM377,,36.39095833,-100.681,1,0,1,1,0,1,1,1,1,0
48,2013482309,482309,1,0,1,113,0,4,10,2013,6,22,0,4,CR-LIBERTY GROVE RD,,32.95329167,-96.5176,1,0,1,1,0,1,2,1,1,1
48,2013482310,482310,1,0,1,113,1730,4,10,2013,6,15,20,7,US-67 MARVIN D LOVE FWY,,32.65535556,-96.8745,30,0,1,1,0,4,1,1,1,1
48,2013482311,482311,1,0,1,161,0,4,10,2013,6,3,50,3,SR-14,,31.75924444,-96.4712,42,0,1,1,0,4,2,10,1,0
48,2013482312,482312,2,0,4,181,6350,4,10,2013,6,17,24,8,FM 1417,,33.59849167,-96.5898,12,1,8,1,0,1,1,1,1,1
48,2013482313,482313,2,0,3,185,0,4,10,2013,6,9,0,3,SR-30,SR-90,30.58453611,-95.9441,12,6,2,2,0,1,1,1,1,0
48,2013482314,482314,2,0,2,339,1510,4,10,2013,6,14,40,3,SR-75 FRAZIER ST,SL 336,30.28066111,-95.4563,12,6,2,2,0,1,1,10,1,1
48,2013482315,482315,1,0,4,371,0,4,10,2013,6,7,15,1,I-10,,30.7425,-101.86,1,0,1,1,0,3,2,1,1,0
48,2013482316,482316,1,0,1,53,0,5,10,2013,7,6,15,2,US-183,,30.95233056,-98.0342,38,0,1,1,0,4,2,1,1,1
48,2013482317,482317,2,0,2,105,0,5,10,2013,7,16,20,2,US-190,SH-163,30.91053611,-101.161,12,6,2,2,0,1,1,1,1,0
48,2013482318,482318,1,1,1,113,387,5,10,2013,7,22,5,5,LAKE JUNE RD,,32.73399444,-96.629,9,0,1,1,0,1,3,2,1,1
48,2013482319,482319,1,0,2,121,3960,5,10,2013,7,14,46,1,I-35E,,33.05505,-97.0112,1,0,18,1,0,1,1,10,1,1
48,2013482320,482320,2,0,3,157,6660,5,10,2013,7,22,20,8,UA90,ALKIRE LAKES DR,29.62459167,-95.6112,12,6,2,3,0,1,3,1,1,0
48,2013482321,482321,1,0,1,191,0,5,10,2013,7,20,26,4,CR-8,,34.35927222,-100.823,1,0,1,1,0,4,2,1,1,0
48,2013482322,482322,2,0,3,201,3280,5,10,2013,7,19,45,1,I-45 NORTH FWY,,29.76705278,-95.3666,5,0,1,1,0,1,3,10,1,0
48,2013482323,482323,1,0,1,223,0,5,10,2013,7,15,32,8,FM3389,,33.03970278,-95.7143,1,0,1,1,0,1,1,10,1,0
48,2013482324,482324,1,0,1,303,0,5,10,2013,7,1,12,1,I-27,,33.82057222,-101.841,1,0,1,1,0,10,3,1,1,1
48,2013482325,482325,2,0,2,325,0,5,10,2013,7,7,14,8,FM471,,29.52215833,-98.8142,12,2,1,1,0,1,1,10,1,0
48,2013482326,482326,1,0,1,469,0,5,10,2013,7,10,30,8,FM1090,,28.6796,-96.7475,1,0,1,1,0,4,1,1,1,0
48,2013482327,482327,1,0,2,141,2190,6,10,2013,1,5,38,2,US-54 GATEWAY NORTH BLVD,,31.9862,-106.346,1,0,1,1,0,4,2,1,1,0
48,2013482328,482328,2,0,2,267,0,6,10,2013,1,20,20,2,US-83,,30.67015833,-99.7815,12,2,1,1,0,1,2,1,2,0
48,2013482329,482329,1,0,1,279,0,6,10,2013,1,22,2,2,US-84,,34.08716111,-102.555,30,0,1,1,0,4,2,1,1,1
48,2013482330,482330,1,1,1,21,460,7,10,2013,2,22,38,3,SR-21,,30.11036389,-97.3439,8,0,1,1,0,1,2,1,1,0
48,2013482331,482331,2,1,2,201,3280,7,10,2013,2,22,0,3,SR-6,,29.81301111,-95.6454,12,1,1,1,0,1,2,1,1,0
48,2013482332,482332,1,0,1,215,0,7,10,2013,2,3,0,4,CR-LOTT RD,,26.14117222,-98.0563,18,0,1,1,0,4,2,1,1,1
48,2013482333,482333,3,0,3,439,260,7,10,2013,2,18,4,7,SR-360 WATSON RD,,32.74416944,-97.0622,24,0,1,1,0,10,5,1,1,0
48,2013482334,482334,3,0,3,439,9997,7,10,2013,2,19,15,1,I-35W,,32.56066944,-97.319,12,6,5,1,0,1,5,1,1,0
48,2013482336,482336,2,0,4,445,0,8,10,2013,3,20,36,2,US-82/380,,33.18164722,-102.381,12,2,1,1,0,1,2,1,2,0
48,2013482337,482337,2,0,2,39,130,9,10,2013,4,21,0,3,SR-35 SOUTH GORDON,,29.39809167,-95.2471,12,6,8,1,0,1,2,1,1,0
48,2013482338,482338,1,2,1,29,6090,9,10,2013,4,4,58,8,SS 421 CULEBRA RD,ZARZAMORA ST,29.44516111,-98.5249,8,0,3,2,0,1,3,1,1,0
48,2013482339,482339,2,0,2,61,940,9,10,2013,4,9,27,5,PORT ISABEL RD,CESAR LN,25.95678611,-97.4609,12,6,3,3,0,1,1,1,1,0
48,2013482340,482340,2,0,2,355,1550,9,10,2013,4,7,54,5,MCKINZIE RD,,27.813325,-97.5723,12,2,1,1,0,1,1,1,1,0
48,2013482341,482341,1,0,1,491,5990,9,10,2013,4,20,46,7,I-35,,30.53223889,-97.6911,30,0,1,1,0,4,3,1,1,0
48,2013482342,482342,3,0,3,29,0,10,10,2013,5,19,20,8,SL-1604,,29.32541389,-98.6859,12,1,1,1,0,1,1,1,1,0
48,2013482343,482343,3,1,1,113,1730,10,10,2013,5,2,28,1,I-635/LYNDON B JOHNSON FWY,,32.92600278,-96.8223,8,0,18,1,1,1,2,1,1,1
48,2013482344,482344,1,0,4,149,0,10,10,2013,5,12,17,8,FM 154,,29.79968056,-97.088,1,0,1,1,0,1,1,1,1,0
48,2013482345,482345,1,0,1,201,5230,10,10,2013,5,23,59,5,HEIGHTS ST,,29.69218889,-95.172,43,0,1,1,0,4,2,1,1,0
48,2013482346,482346,2,0,2,231,0,10,10,2013,5,12,1,2,US-69,,33.23325,-96.165,12,1,8,1,0,1,1,1,1,0
48,2013482347,482347,2,0,2,257,4190,10,10,2013,5,7,50,3,SR-198,,32.38886944,-96.0794,12,1,8,1,0,1,1,1,1,1
48,2013482348,482348,2,0,3,297,0,10,10,2013,5,6,22,3,SR-72,,28.51095,-98.1209,12,2,1,1,0,1,2,1,1,0
48,2013482350,482350,1,0,1,471,0,10,10,2013,5,20,35,8,FM 1791,,30.63455,-95.6968,1,0,1,1,0,4,2,1,1,0
48,2013482351,482351,2,0,2,29,6090,11,10,2013,6,6,28,8,SL13 SW MILITARY DR,SL353 NEW LAREDO HWY,29.358275,-98.5593,12,6,8,1,0,1,3,10,1,0
48,2013482352,482352,1,0,2,31,0,11,10,2013,6,16,27,2,US-281,,29.94366667,-98.4102,32,0,1,1,0,4,1,1,1,0
48,2013482353,482353,1,0,2,257,0,11,10,2013,6,23,30,3,SR-243,,32.57890556,-96.2344,1,0,1,1,0,4,2,1,1,0
48,2013482354,482354,2,0,2,499,0,11,10,2013,6,10,0,3,SR-154,CR-1895,32.88115,-95.5494,12,6,2,3,0,1,1,1,1,0
48,2013482355,482355,2,0,3,3,0,12,10,2013,7,6,33,3,SR-115,SL1910,32.32364444,-102.517,12,6,2,2,0,1,2,1,2,0
48,2013482356,482356,1,0,2,187,6290,12,10,2013,7,2,24,1,I-10,,29.61016389,-97.8696,1,0,1,1,0,3,3,1,1,0
48,2013482357,482357,1,0,1,315,0,12,10,2013,7,13,13,8,FM729,,32.779125,-94.4694,1,0,1,1,0,4,1,1,1,0
48,2013482358,482358,1,0,1,439,260,12,10,2013,7,14,23,5,E GREEN OAKS BLVD,,32.652825,-97.0935,44,0,1,1,0,1,1,1,1,0
48,2013482359,482359,1,0,2,29,6090,13,10,2013,1,14,15,1,I-37,,29.33002778,-98.4135,1,0,5,1,0,1,1,2,2,0
48,2013482360,482360,1,0,4,29,6090,13,10,2013,1,0,12,8,SS371 GENERAL HUDNELL DR,,29.40058611,-98.537,42,0,5,1,0,10,3,2,1,1
48,2013482361,482361,2,0,4,309,0,12,10,2013,7,14,54,2,US-84,,31.63963333,-96.9255,12,2,1,1,0,1,1,2,2,1
48,2013482362,482362,1,0,1,253,0,13,10,2013,1,7,43,8,FM1812,,32.61180278,-100.003,35,0,1,1,0,4,2,10,1,1
48,2013482363,482363,2,0,2,277,5220,13,10,2013,1,8,50,8,FM1497 SE 3RD ST,SL286,33.63111389,-95.5548,12,6,2,2,0,1,1,10,1,0
48,2013482364,482364,2,0,4,299,0,13,10,2013,1,15,2,3,SR-71,RM962,30.53666944,-98.443,12,6,2,3,0,1,1,2,1,0
48,2013482365,482365,1,0,1,477,0,13,10,2013,1,0,18,8,FFM912,,30.29234167,-96.2195,42,0,1,1,0,4,2,10,1,0
48,2013482366,482366,2,0,2,21,0,14,10,2013,2,10,10,3,SR-21,,30.21746667,-97.116,12,6,1,1,0,1,1,2,1,0
48,2013482367,482367,4,0,5,133,0,14,10,2013,2,10,54,1,I-20,,32.49773611,-98.5391,12,7,1,1,0,1,1,2,1,0
48,2013482368,482368,2,0,4,291,3025,14,10,2013,2,20,53,3,SR-146,2003,30.16388889,-94.7396,12,1,3,4,0,1,2,1,1,0
48,2013482369,482369,1,0,1,439,2450,14,10,2013,2,6,20,1,I-820,,32.78208889,-97.2126,24,0,1,1,0,4,2,2,1,0
48,2013482370,482370,2,0,2,497,9997,14,10,2013,2,5,31,3,SR-101,1776,33.40679167,-97.8183,51,0,3,2,0,1,2,2,1,0
48,2013482371,482371,2,0,4,201,3280,15,10,2013,3,0,9,1,I-10 KATY FWY,,29.77732222,-95.4181,12,6,18,1,0,1,2,1,1,1
48,2013482372,482372,1,1,1,439,2450,15,10,2013,3,6,40,8,SS 580 CAMP BOWIE BLVD,RENZEL BLVD,32.72456111,-97.4751,8,0,3,3,0,1,3,1,1,0
48,2013482373,482373,2,0,2,209,0,16,10,2013,4,6,24,2,US-290,,30.19657778,-97.9989,12,6,1,1,0,2,2,2,1,0
48,2013482374,482374,2,0,2,465,1820,16,10,2013,4,17,31,5,E 4TH ST,AVE D,29.36874722,-100.902,12,6,2,2,0,1,1,1,1,0
48,2013482375,482375,2,0,2,503,0,16,10,2013,4,6,15,3,SR-114,,33.33237778,-98.6615,12,2,1,1,0,1,2,1,2,0
48,2013482376,482376,2,0,2,29,6090,17,10,2013,5,18,26,5,BITTERS RD,,29.5932,-98.5277,12,6,8,1,0,1,1,1,1,1
48,2013482377,482377,2,0,2,209,0,17,10,2013,5,12,1,8,RM 12,,29.91714722,-98.045,12,6,1,1,0,1,1,1,1,0
48,2013482378,482378,2,0,2,325,0,17,10,2013,5,14,16,8,PR 37,,29.63803611,-98.8284,12,6,1,1,0,1,1,1,1,0
48,2013482379,482379,1,0,1,29,6090,18,10,2013,6,0,7,7,I-410,,29.43641111,-98.6444,33,0,19,1,0,10,3,1,1,1
48,2013482380,482380,1,0,1,245,0,18,10,2013,6,0,30,8,FM 365,,29.92901389,-94.2581,59,0,1,1,0,4,3,1,1,1
48,2013482381,482381,1,1,1,201,3280,19,10,2013,7,17,30,5,MAGNOLIA COVE,,30.0325,-95.1729,8,0,1,1,0,1,1,1,1,0
48,2013482382,482382,1,0,1,201,3280,19,10,2013,7,20,0,5,BEVERLYHILL ST,,29.72987222,-95.533,42,0,1,1,0,4,2,1,1,1
48,2013482383,482383,1,0,1,355,0,19,10,2013,7,4,45,8,FM 666,,27.93452222,-97.7761,59,0,1,1,0,4,2,1,1,1
48,2013482384,482384,1,0,1,439,2450,19,10,2013,7,14,30,5,CALLOWAY CEMETERY RD,,32.81081667,-97.0904,10,0,6,1,0,1,1,1,1,0
48,2013482385,482385,1,0,1,139,4570,21,10,2013,2,18,45,8,BU 287Q MAIN ST,14TH ST,32.48009722,-96.9875,30,0,3,2,0,8,5,1,1,0
48,2013482386,482386,2,0,4,245,0,22,10,2013,3,0,30,1,I-10,,29.99308889,-94.2024,57,0,1,1,0,3,2,1,1,0
48,2013482387,482387,1,3,3,29,6090,23,10,2013,4,7,15,5,CULEBRA RD,CONSUELO,29.44928611,-98.5814,8,0,1,1,0,11,3,1,1,0
48,2013482388,482388,2,0,3,209,6170,24,10,2013,5,15,56,7,I-35,SR-123,29.87012778,-97.9391,12,6,2,2,0,1,1,1,1,0
48,2013482389,482389,2,0,2,201,3280,25,7,2013,5,13,30,5,LAKE HOUSTON PKWY,MAGNOLIA COVE DR,30.03581389,-95.1743,12,6,2,2,0,1,1,10,1,0
48,2013482391,482391,2,0,2,201,3280,7,9,2013,7,0,45,3,SR-288,,29.65793611,-95.387,12,1,1,1,0,1,3,1,1,0
48,2013482392,482392,1,0,1,201,3280,15,9,2013,1,5,35,1,I-610,,29.81299167,-95.3747,42,0,19,1,0,4,3,1,1,0
48,2013482393,482393,2,0,3,309,7210,27,9,2013,6,13,20,3,SR-6,,31.50993333,-97.1857,12,1,1,1,0,1,1,1,1,0
48,2013482395,482395,5,0,12,309,7210,3,10,2013,5,10,26,8,SL396 N VALLEY MILLS DR,BOSQUE BLVD,31.53196389,-97.195,12,1,3,2,0,1,1,10,1,1
48,2013482396,482396,1,1,1,361,7200,3,10,2013,5,23,9,7,I-10,,30.12979722,-93.9376,8,0,1,1,0,1,2,1,1,0
48,2013482397,482397,2,0,2,181,6350,4,10,2013,6,8,27,8,FM1417 HERITAGE PKWY,,33.69237778,-96.6493,12,1,8,1,0,1,1,1,1,0
48,2013482398,482398,1,0,2,309,0,5,10,2013,7,12,55,3,SR-31,,31.63965833,-97.0133,1,0,1,1,0,3,1,10,1,0
48,2013482399,482399,1,0,1,329,4560,5,10,2013,7,4,45,7,SL250,,31.96078889,-102.144,33,0,1,1,0,4,3,1,1,0
48,2013482400,482400,1,1,1,339,0,8,10,2013,3,18,30,4,CR-BRECKENRIDGE DR,,30.20074444,-95.5902,9,0,8,1,0,1,1,1,1,0
48,2013482401,482401,3,0,3,201,3280,10,10,2013,5,9,0,1,I-610,,29.81160278,-95.3472,12,1,1,1,0,1,1,1,1,0
48,2013482402,482402,1,0,1,319,0,10,10,2013,5,10,0,8,RM1222,,30.84451944,-99.3879,1,0,1,1,0,4,1,1,1,0
48,2013482403,482403,1,0,3,453,5325,10,10,2013,5,18,38,3,SR-130,,30.47539444,-97.5905,1,0,1,1,0,3,1,10,3,0
48,2013482404,482404,1,0,1,361,7200,11,10,2013,6,10,10,3,SR-12,,30.16770278,-93.9437,32,0,1,1,0,4,1,10,1,0
48,2013482405,482405,2,0,2,439,260,11,10,2013,6,15,22,8,FM157,,32.655625,-97.1347,12,6,8,1,0,1,1,1,1,0
48,2013482406,482406,1,0,3,183,4080,12,10,2013,7,14,48,1,I-20,,32.44480833,-94.7241,25,0,1,1,0,3,1,2,1,0
48,2013482407,482407,1,0,1,215,0,11,10,2013,6,16,22,4,CR-RANCHO ALTO DR,,26.382925,-98.094,1,0,1,1,0,4,1,1,1,1
48,2013482408,482408,2,0,3,113,1190,13,10,2013,1,3,47,5,PRESIDENT GEORGE BUSH TPKE,,32.98518333,-96.8934,12,2,1,1,0,1,3,1,2,1
48,2013482409,482409,1,0,1,329,4560,12,10,2013,7,21,57,1,I-20,,31.96476667,-102.107,1,0,1,1,0,3,2,1,1,0
48,2013482410,482410,1,0,2,141,2190,13,10,2013,1,4,16,8,SL375,,31.79049722,-106.268,26,0,1,1,0,3,3,1,1,0
48,2013482411,482411,1,0,1,239,0,13,10,2013,1,3,41,8,FM 616,,28.8099,-96.6418,42,0,1,1,0,4,2,1,1,1
48,2013482412,482412,2,0,2,145,0,14,10,2013,2,12,40,8,BS 7,,31.28983611,-97.0717,12,6,1,1,0,1,1,2,1,0
48,2013482413,482413,2,0,4,133,0,15,10,2013,3,17,45,1,I-20,,32.48672222,-98.5646,43,0,1,1,0,3,5,2,1,0
48,2013482414,482414,1,0,1,289,0,16,10,2013,4,4,50,8,FM 39,,31.26272222,-96.1213,1,0,1,1,0,1,2,2,1,0
48,2013482415,482415,1,0,1,43,0,17,10,2013,5,17,45,3,SR-118,,30.17066389,-103.583,1,0,1,1,0,4,1,1,1,0
48,2013482416,482416,2,0,2,175,0,17,10,2013,5,6,30,8,FM 2442,,28.71000833,-97.6744,12,2,1,1,0,1,2,1,1,0
48,2013482417,482417,1,1,1,201,3280,17,10,2013,5,22,50,5,ALLUM RD,,29.64102778,-95.4498,8,0,1,1,0,1,3,10,1,1
48,2013482418,482418,3,0,4,297,0,17,10,2013,5,14,0,3,SR-72,,28.46283333,-98.1925,12,6,8,1,0,1,1,1,1,0
48,2013482419,482419,2,0,3,11,0,18,10,2013,6,17,46,2,US-287,,35.10103056,-101.333,12,6,1,1,1,1,5,10,1,0
48,2013482420,482420,2,0,3,203,0,18,10,2013,6,18,7,8,FM 2208,,32.53896111,-94.7009,12,6,8,1,0,1,1,1,1,1
48,2013482421,482421,1,0,2,339,0,18,10,2013,6,3,45,5,CR-CREIGHTON RD,,30.28633889,-95.4082,42,0,1,1,0,4,2,1,1,1
48,2013482422,482422,1,1,1,389,0,19,10,2013,7,1,55,1,I-20,,31.39653056,-103.586,8,0,1,1,0,1,2,1,1,0
48,2013482423,482423,1,0,1,477,1041,19,10,2013,7,19,45,2,US-290,,30.17675,-96.5954,11,0,1,1,0,1,2,1,1,0
48,2013482424,482424,1,0,1,113,3880,20,10,2013,1,2,40,1,I-20,,32.64376389,-96.7927,24,0,1,1,0,4,3,1,1,1
48,2013482425,482425,2,0,3,201,3280,20,10,2013,1,2,22,5,DOWLING ST,POLK,29.74750278,-95.3547,12,6,2,2,0,1,2,1,1,2
48,2013482426,482426,2,1,1,201,3280,20,10,2013,1,3,25,1,I-610/NORTH LP,,29.81305278,-95.4045,8,0,1,1,0,1,3,1,1,1