STATE,YEAR_ST_CASE,ST_CASE,VE_TOTAL,PEDS,PERSONS,COUNTY,CITY,DAY,MONTH,YEAR,DAY_WEEK,HOUR,MINUTE,ROUTE,TWAY_ID,TWAY_ID2,LATITUDE,LONGITUD,HARM_EV,MAN_COLL,RELJCT2,TYP_INT,WRK_ZONE,REL_ROAD,LGT_COND,WEATHER,FATALS,DRUNK_DR
48,2013482427,482427,2,0,3,453,330,20,10,2013,1,4,39,1,I-35,,30.16785,-97.7858,12,1,1,1,0,1,3,1,1,1
48,2013482428,482428,1,0,1,21,0,21,10,2013,2,5,37,4,CR-SAND HILLS RD,,29.95192222,-97.4337,42,0,1,1,0,4,2,10,1,0
48,2013482429,482429,1,1,1,29,6090,21,10,2013,2,7,36,5,BUENA VISTA ST,,29.42616667,-98.5175,8,0,1,1,0,1,1,1,1,0
48,2013482430,482430,3,0,4,361,5100,21,10,2013,2,19,28,1,I-10 RAMP,,30.12021111,-93.742,57,0,5,1,0,3,5,5,2,1
48,2013482431,482431,1,1,1,61,940,22,10,2013,3,1,15,5,PRICE RD,,25.93138056,-97.4648,9,0,1,1,0,1,2,2,1,1
48,2013482432,482432,2,0,2,113,2590,22,10,2013,3,15,7,5,JUPITER RD,MILLER PARK DR,32.904825,-96.683,12,6,2,2,0,1,1,1,1,0
48,2013482433,482433,2,0,2,453,0,22,10,2013,3,16,15,4,CR-DESSAU RD,,30.39725556,-97.6424,12,6,4,1,0,1,1,1,1,0
48,2013482434,482434,2,0,1,185,0,23,10,2013,4,8,27,8,FM 3090,,30.47630833,-96.0586,12,1,1,1,0,1,1,10,1,0
48,2013482435,482435,1,2,1,215,2110,23,10,2013,4,9,25,5,CANTON RD,,26.27745,-98.1788,9,0,1,1,0,1,1,1,1,0
48,2013482436,482436,1,0,2,359,0,23,10,2013,4,7,37,1,I-40,,35.21563889,-102.91,31,0,1,1,0,4,1,1,1,0
48,2013482437,482437,1,0,1,407,0,23,10,2013,4,10,46,3,SR-150,,30.56779167,-95.1519,1,0,1,1,2,4,1,1,1,0
48,2013482438,482438,3,0,4,453,330,23,10,2013,4,0,53,8,LP 1 MOPAC BLVD,,30.40208056,-97.7285,12,2,1,1,0,1,2,1,2,1
48,2013482439,482439,1,0,2,499,0,23,10,2013,4,21,20,4,CR-4760,CR-4761,32.86496111,-95.3133,1,0,3,4,0,1,2,1,1,0
48,2013482440,482440,2,0,2,27,3027,24,10,2013,5,15,26,8,FM 3481 STILLHOUSE LAKE RD,,31.0466,-97.6573,12,6,1,1,0,1,1,10,1,0
48,2013482441,482441,1,0,1,157,6568,24,10,2013,5,14,5,5,CRAVENS RD,,29.634425,-95.5391,35,0,1,1,0,4,1,1,1,0
48,2013482442,482442,2,0,2,99,1540,25,10,2013,6,20,5,2,US-190,LAURA ST,31.12000833,-97.8921,12,2,2,3,0,1,3,1,1,0
48,2013482443,482443,1,0,1,329,4560,25,10,2013,6,17,10,3,SR-191,,31.97528889,-102.247,25,0,5,1,0,3,1,1,1,0
48,2013482444,482444,1,0,1,363,0,25,10,2013,6,6,45,7,I-20,,32.52214167,-98.3447,1,0,1,1,0,10,2,1,1,0
48,2013482445,482445,2,0,2,453,330,25,10,2013,6,22,13,5,MANCHACA RD,,30.230625,-97.7879,12,6,8,1,0,1,3,1,1,0
48,2013482446,482446,2,0,3,29,6090,26,10,2013,7,14,41,5,E HILDEBRAND,PARK HILL,29.46647778,-98.487,12,6,2,7,0,1,1,10,1,0
48,2013482447,482447,1,0,1,209,0,26,10,2013,7,19,47,4,CR-266 OLD BASTROP HWY,,29.82242222,-97.9531,38,0,1,1,0,4,1,1,1,1
48,2013482448,482448,1,0,1,303,0,26,10,2013,7,0,44,4,CR-2800,,33.65245278,-101.767,35,0,1,1,0,4,2,10,1,1
48,2013482449,482449,2,0,5,453,330,26,10,2013,7,21,45,8,SL360 N CAPITAL OF TX HWY,,30.33638333,-97.8053,12,1,1,1,0,1,2,1,1,1
48,2013482450,482450,2,0,5,491,0,26,10,2013,7,17,20,8,RM1869,,30.6535,-97.9653,12,6,1,1,0,1,1,10,1,1
48,2013482451,482451,1,1,1,113,1730,27,10,2013,1,4,45,2,US-175,,32.69843333,-96.6453,8,0,1,1,0,2,3,2,1,0
48,2013482452,482452,1,0,1,113,3420,27,10,2013,1,9,33,3,SR-356,,32.83191667,-96.985,42,0,1,1,0,3,1,10,1,0
48,2013482453,482453,1,0,1,149,2370,27,10,2013,1,19,1,2,US-90,,29.68770833,-97.1105,26,0,1,1,0,1,3,1,1,0
48,2013482454,482454,2,0,3,201,3280,27,10,2013,1,14,20,5,ALMEDA GENOA RD,,29.61666111,-95.363,12,6,1,1,0,1,1,1,2,1
48,2013482455,482455,1,0,1,439,2450,27,10,2013,1,3,34,8,FM 1220 BOAT CLUB RD,,32.89786944,-97.4479,24,0,1,1,0,4,2,10,1,1
48,2013482456,482456,1,1,1,39,0,28,10,2013,2,20,24,4,CR-QUAIL RUN DR,,29.384475,-95.2474,8,0,1,1,0,1,2,1,1,0
48,2013482457,482457,2,0,2,71,0,28,10,2013,2,11,45,7,I-10,,29.83515278,-94.5447,12,2,5,1,0,1,1,1,1,0
48,2013482458,482458,1,0,1,91,0,29,10,2013,3,15,2,3,SR-46,,29.79094167,-98.3311,42,0,1,1,0,4,1,1,1,0
48,2013482459,482459,1,1,1,215,2110,29,10,2013,3,6,4,7,I-69/281,,26.35706944,-98.147,8,0,1,1,0,1,2,1,1,0
48,2013482460,482460,2,0,3,215,4197,30,10,2013,4,19,25,8,FM 2220,BU 83,26.20826389,-98.2615,12,6,2,2,0,1,3,1,1,0
48,2013482462,482462,1,0,1,391,0,30,10,2013,4,18,20,8,FM1360,,28.20011667,-97.3265,32,0,1,1,0,4,1,1,1,0
48,2013482463,482463,1,1,1,29,6090,31,10,2013,5,19,29,8,FM2252,,29.55370833,-98.4032,8,0,1,1,0,1,3,1,1,0
48,2013482464,482464,1,1,1,201,480,25,1,2013,6,16,46,5,300 LAREDO ST,,29.73785833,-94.9876,8,0,1,1,0,1,1,1,1,0
48,2013482465,482465,1,1,1,463,0,25,8,2013,1,6,35,2,US-90,,29.20113611,-99.8517,8,0,1,1,0,1,2,1,1,0
48,2013482466,482466,1,0,1,201,0,17,9,2013,3,5,6,4,CR-PEEK RD,,29.83892222,-95.7736,11,0,1,1,0,1,2,1,1,0
48,2013482467,482467,1,0,1,201,0,21,9,2013,7,0,3,4,CR-FAIRBANKS N HOUSTON RD,,29.87583889,-95.5247,31,0,1,1,0,3,2,10,1,1
48,2013482468,482468,2,0,2,201,0,25,9,2013,4,20,40,4,CR-W LITTLE YORK RD,CR PLANTATION CREST DR,29.86208056,-95.7156,12,6,2,2,0,1,3,1,1,0
48,2013482469,482469,2,0,3,201,0,29,9,2013,1,10,38,8,FM1942,,29.85066944,-94.994,12,6,1,1,0,1,1,2,2,0
48,2013482470,482470,1,1,1,29,390,2,10,2013,4,6,7,8,SL345 FREDERICKSBURG RD,,29.48881111,-98.5501,8,0,1,1,0,1,3,2,1,0
48,2013482471,482471,2,1,1,201,0,3,10,2013,5,18,5,7,SL8,,29.93367222,-95.2224,12,1,1,1,0,1,1,1,1,0
48,2013482472,482472,2,0,2,201,0,4,10,2013,6,20,55,4,CR-BRITTMOORE RD,,29.85393333,-95.5694,12,6,8,1,0,1,3,1,1,1
48,2013482473,482473,1,0,3,201,0,4,10,2013,6,21,51,4,CR-IMPERIAL VALLEY DR,,29.97573333,-95.408,33,0,1,1,0,3,3,1,1,1
48,2013482474,482474,1,0,1,201,0,4,10,2013,6,1,10,4,CR-E HARDY RD,,30.02013056,-95.4021,43,0,1,1,0,5,3,1,1,1
48,2013482475,482475,1,1,3,201,0,6,10,2013,1,21,35,1,I-10,,29.78008611,-95.1187,8,0,1,1,0,1,2,1,1,0
48,2013482476,482476,2,0,3,201,3280,6,10,2013,1,2,40,5,ALMEDA GENOA RD,MARTIN LUTHER KING JR BLVD,29.62098611,-95.3409,12,6,2,2,0,1,2,1,2,1
48,2013482477,482477,2,0,4,121,3960,12,10,2013,7,16,3,8,BS121H,OAKWOOD LN,33.02456111,-96.993,12,6,2,3,0,1,1,1,1,0
48,2013482478,482478,2,0,4,201,0,12,10,2013,7,4,15,4,CR-CORPUS CHRISTI ST,,29.78317222,-95.1671,1,0,1,1,0,4,3,10,1,1
48,2013482479,482479,1,0,2,201,0,12,10,2013,7,4,45,4,CR-HERMANN RD,CR-ASHWORTH ST,29.89523056,-95.3029,31,0,3,10,0,4,2,10,1,1
48,2013482480,482480,2,0,6,201,0,12,10,2013,7,16,45,4,CR-HUFSMITH KOHRVILLE RD,,30.06395556,-95.5891,12,2,1,1,0,1,1,2,1,0
48,2013482481,482481,1,1,1,201,0,14,10,2013,2,3,19,3,SR-249,,29.89810556,-95.4193,8,0,1,1,0,1,2,10,1,0
48,2013482482,482482,2,0,2,147,0,15,10,2013,3,12,30,2,US-82,,33.60866111,-95.9993,12,6,1,1,0,1,1,2,1,0
48,2013482483,482483,1,1,1,201,3280,15,10,2013,3,6,45,5,HOMESTEAD RD,,29.86137222,-95.3006,9,0,1,1,0,1,6,1,1,0
48,2013482484,482484,2,0,2,201,0,16,10,2013,4,0,47,8,FM 529,,29.87986667,-95.6905,12,9,8,1,0,1,2,1,1,0
48,2013482485,482485,1,0,1,467,0,18,10,2013,6,23,39,3,SR-19,,32.62050556,-95.8478,43,0,1,1,0,4,2,1,1,1
48,2013482486,482486,2,0,2,201,3280,19,10,2013,7,6,23,5,POST OAK RD,,29.65032778,-95.4639,33,0,1,1,0,4,1,10,1,1
48,2013482487,482487,1,0,3,29,6090,20,10,2013,1,9,20,3,SR-151,,29.47471667,-98.6978,30,0,19,1,0,3,1,1,1,0
48,2013482488,482488,2,0,2,39,0,20,10,2013,1,18,46,8,FM 523,,29.09836944,-95.3718,12,2,1,1,0,1,5,1,1,1
48,2013482489,482489,1,1,1,135,5030,12,10,2013,7,12,43,5,TEXAS AVE,7TH ST,31.85073889,-102.37,8,0,3,3,0,1,1,1,1,0
48,2013482490,482490,1,0,1,113,1730,23,10,2013,4,21,16,5,HUNNICUTT RD,,32.78605,-96.7128,1,0,1,1,0,4,3,1,1,0
48,2013482491,482491,2,0,3,291,0,23,10,2013,4,11,29,3,SR-105,,30.31360556,-95.1015,12,2,1,1,0,1,1,1,2,0
48,2013482492,482492,1,1,1,39,0,24,10,2013,5,19,14,3,SR-332,,29.05394722,-95.5025,8,0,1,1,0,1,2,1,1,0
48,2013482493,482493,1,1,1,201,0,24,10,2013,5,2,57,4,CR-BARKER CYPRESS RD,,29.86805833,-95.6832,8,0,1,1,0,1,2,1,1,0
48,2013482494,482494,2,0,3,449,4750,24,10,2013,5,16,18,2,US-271 FERGUSON RD,EDWARDS AVE,33.15458889,-94.9747,12,6,2,3,0,1,1,1,1,0
48,2013482495,482495,3,0,7,213,3902,25,10,2013,6,7,45,2,US-175,FM 2588,32.11166389,-95.6761,12,6,2,2,0,1,1,1,2,0
48,2013482496,482496,1,1,2,29,6090,26,10,2013,7,19,30,5,MOURSOND BLVD,,29.33706389,-98.5039,8,0,1,1,0,1,3,1,1,0
48,2013482497,482497,2,0,4,85,2520,26,10,2013,7,15,0,8,FM 3537 MAIN ST,INDEPENDENCE PKWY,33.15227778,-96.7502,12,6,2,2,1,1,1,10,1,0
48,2013482498,482498,2,0,3,233,0,26,10,2013,7,7,23,3,SR-136,FM 281,36.02334722,-101.462,12,6,2,2,0,1,2,1,2,0
48,2013482499,482499,1,0,2,3,0,27,10,2013,1,4,10,8,FM 1788,,32.19194722,-102.357,1,0,1,1,0,4,2,1,1,1
48,2013482500,482500,2,0,2,29,6090,27,10,2013,1,17,12,1,I-10,,29.54756389,-98.5831,12,6,18,1,0,1,1,1,1,1
48,2013482501,482501,1,0,5,341,0,27,10,2013,1,19,49,2,US-287,,35.99396111,-101.996,1,0,1,1,0,3,2,1,2,1
48,2013482502,482502,2,0,8,409,0,27,10,2013,1,10,18,2,US-77,,28.08188611,-97.4771,59,0,7,1,0,3,1,1,1,1
48,2013482503,482503,1,0,1,113,2310,28,10,2013,2,10,30,1,I-35E,,32.92185278,-96.8999,24,0,1,1,0,10,1,1,1,0
48,2013482504,482504,2,0,5,135,0,28,10,2013,2,8,2,1,I-20,,31.78956667,-102.474,12,6,1,1,0,1,1,1,1,0
48,2013482505,482505,1,0,1,165,0,28,10,2013,2,4,34,2,US-385,,32.54114167,-102.62,32,0,1,1,0,3,2,1,1,0
48,2013482506,482506,1,0,1,349,0,28,10,2013,2,17,18,1,I-45,,31.96576111,-96.4209,57,0,19,1,0,3,1,1,1,0
48,2013482507,482507,2,0,2,383,0,29,10,2013,3,23,10,2,US-67,,31.21665833,-101.584,12,2,1,1,0,2,2,10,1,0
48,2013482509,482509,1,0,1,113,2800,30,10,2013,4,13,5,7,SR-161,,32.76566111,-97.0288,33,0,19,1,0,10,1,2,1,1
48,2013482510,482510,3,0,4,127,0,30,10,2013,4,8,45,8,FM 133,,28.31664167,-99.4858,12,11,1,1,0,1,1,1,1,0
48,2013482511,482511,2,0,2,231,0,30,10,2013,4,14,3,3,SR-224,,33.22448056,-95.9649,12,2,1,1,0,2,1,2,1,0
48,2013482512,482512,1,0,1,201,3280,31,10,2013,5,1,37,1,I-610/NORTH LP W,,29.80798889,-95.4434,20,0,5,1,0,8,2,2,1,1
48,2013482513,482513,1,1,2,201,3280,31,10,2013,5,20,0,5,BOONE RD,POMPANO LN,29.69348611,-95.5749,8,0,3,3,0,1,2,1,1,0
48,2013482514,482514,2,0,2,391,0,31,10,2013,5,5,35,2,US-183,,28.39278056,-97.3097,12,2,1,1,0,1,2,10,1,0
48,2013482515,482515,2,0,2,441,0,31,10,2013,5,16,15,8,FM1750,FM707,32.35766944,-99.7083,12,6,2,2,0,1,1,1,1,0
48,2013482516,482516,1,1,1,453,330,31,10,2013,5,21,16,2,US-183/ED BLUESTEIN BLVD,,30.30962778,-97.6618,8,0,1,1,0,1,2,1,1,0
48,2013482517,482517,1,0,5,141,2190,24,8,2013,7,2,56,8,LP 375/PURPLE HEART MEMORIAL,,31.89908889,-106.382,25,0,1,1,0,3,3,1,1,1
48,2013482518,482518,1,0,1,141,2190,30,8,2013,6,2,9,8,BU-54A/DYER ST,,31.86592222,-106.431,25,0,1,1,0,3,2,1,1,1
48,2013482519,482519,2,0,5,5,4160,2,9,2013,2,17,56,2,US-69/ELLEN TROUT/LP 287,FM 2251/SAYERS ST,31.37178889,-94.7338,12,6,2,2,0,1,1,10,1,0
48,2013482520,482520,1,1,1,303,4140,12,9,2013,5,21,34,8,FM 2255/4TH,,33.59234167,-101.935,8,0,1,1,0,1,3,1,1,0
48,2013482521,482521,1,1,1,201,3280,13,9,2013,6,5,55,8,FM 1093,FOUNTAINVIEW DR,29.73783056,-95.4842,9,0,2,2,0,1,2,1,1,0
48,2013482522,482522,2,0,3,439,2450,14,9,2013,7,11,50,1,I-820,,32.73971944,-97.4812,1,0,18,1,0,1,1,1,1,0
48,2013482523,482523,2,0,2,141,2190,28,9,2013,7,21,49,8,BU 54,,31.87033611,-106.428,12,98,8,1,0,1,3,1,1,0
48,2013482524,482524,1,1,1,439,2450,1,10,2013,3,23,30,5,ALTA MERE DR,,32.72361111,-97.441,8,0,1,1,0,1,2,1,1,0
48,2013482525,482525,1,0,1,451,6080,6,10,2013,1,2,45,5,14TH ST,,31.47849167,-100.428,59,0,1,1,0,4,2,1,1,1
48,2013482526,482526,2,0,6,201,0,8,10,2013,3,15,32,8,FM 1960,,30.02691389,-95.3997,12,2,1,1,0,11,1,1,1,1
48,2013482527,482527,2,0,6,485,1020,20,10,2013,1,18,17,1,I-44,,34.09401667,-98.5562,12,2,1,1,0,1,1,1,2,0
48,2013482528,482528,1,0,3,453,330,24,10,2013,5,21,12,3,SR-71I,,30.21984444,-97.6713,1,0,1,1,0,1,3,1,1,0
48,2013482529,482529,1,1,1,141,2190,25,10,2013,6,19,39,1,I-10,,31.70471111,-106.288,8,0,1,1,0,1,3,1,1,0
48,2013482530,482530,1,0,7,441,30,26,10,2013,7,7,19,1,I-20,,32.47525278,-99.7939,1,0,1,1,0,4,4,1,1,0
48,2013482531,482531,1,0,1,155,0,28,10,2013,2,0,20,2,US-70,,34.05245,-99.9649,1,0,1,1,0,1,2,1,1,0
48,2013482532,482532,1,1,1,453,0,29,10,2013,3,19,37,4,CR-FLEISCHER DR,,30.44415,-97.6696,8,0,1,1,0,1,2,1,1,0
48,2013482533,482533,2,0,5,113,1730,30,10,2013,4,15,21,5,WESTMORELAND RD,8TH ST,32.74800278,-96.8741,12,6,2,2,0,1,1,2,2,0
48,2013482534,482534,1,2,1,41,970,31,10,2013,5,4,44,2,US-190/STATE HWY 21,,30.69248333,-96.3654,8,0,1,1,0,1,3,2,2,0
48,2013482535,482535,3,0,4,201,0,31,10,2013,5,21,5,8,FM 1960,,29.99925278,-95.2408,12,2,1,1,0,1,2,1,1,0
48,2013482536,482536,1,0,1,91,0,4,4,2013,5,1,8,8,FM 306,,29.85088056,-98.1269,38,0,1,1,0,4,2,10,1,0
48,2013482537,482537,2,0,5,245,490,28,10,2013,2,17,4,2,US-90/COLLEGE ST,TODD ST,30.065025,-94.2088,12,6,2,2,0,1,1,2,1,0
48,2013482538,482538,1,0,4,389,0,28,10,2013,2,7,0,1,I-20,,31.13041944,-104.025,39,0,1,1,0,4,4,1,1,0
48,2013482539,482539,1,1,3,453,0,29,10,2013,3,12,59,8,FM 2244/BEE CAVE RD,,30.30491944,-97.8417,9,0,1,1,0,1,1,1,1,0
48,2013482540,482540,1,1,3,29,6090,1,11,2013,6,0,50,5,FRIO CITY RD,,29.40424722,-98.52,8,0,1,1,0,1,3,1,1,0
48,2013482541,482541,2,0,2,29,6090,1,11,2013,6,8,33,5,PLEASANTON RD,E FORMOSA,29.34252778,-98.5039,12,6,2,2,0,1,1,1,1,0
48,2013482542,482542,2,0,3,41,970,1,11,2013,6,13,35,8,FM2818 N HARVEY MITCHELL PKWY,,30.70594722,-96.4289,12,2,1,1,0,1,1,1,2,0
48,2013482543,482543,2,0,2,85,5390,1,11,2013,6,21,23,5,SAM RAYBURN TOLLWAY,,33.11037222,-96.7717,1,0,1,1,0,10,3,1,1,1
48,2013482544,482544,2,0,3,121,1840,1,11,2013,6,5,33,2,US-77 N ELM ST,W WINDSOR DR,33.24230833,-97.1367,12,6,2,2,0,1,3,1,1,0
48,2013482545,482545,2,0,2,143,0,1,11,2013,6,16,25,2,US-281,CR-240,32.01796111,-98.0687,12,6,3,3,0,1,1,1,1,0
48,2013482546,482546,1,1,2,201,3280,1,11,2013,6,21,54,1,I-610,,29.80924167,-95.3188,8,0,1,1,0,1,2,1,1,0
48,2013482547,482547,2,0,2,219,0,1,11,2013,6,13,44,3,SR-114,,33.60229444,-102.48,12,2,1,1,0,1,1,1,1,0
48,2013482548,482548,2,1,1,415,0,1,11,2013,6,3,5,2,US-84,,32.83282222,-100.987,8,0,1,1,0,1,2,1,1,0
48,2013482549,482549,2,0,3,71,0,2,11,2013,7,10,40,8,FM1985,,29.66920278,-94.5813,12,6,1,1,0,1,1,1,1,0
48,2013482550,482550,2,0,2,145,0,2,11,2013,7,6,0,3,SR-7,,31.29348889,-96.9505,12,2,1,1,0,1,2,1,1,1
48,2013482551,482551,2,0,2,157,0,2,11,2013,7,20,45,8,FM723,,29.59936111,-95.8113,12,6,1,1,0,1,2,1,1,0
48,2013482552,482552,1,0,1,167,0,2,11,2013,7,12,45,3,SR-146 RAMP,,29.330525,-94.9346,24,0,5,1,0,4,1,1,1,0
48,2013482553,482553,2,0,4,201,0,2,11,2013,7,10,50,4,CR-TALCOTT LN,CR-TARPON RD,29.85569722,-95.1461,12,6,2,2,0,1,1,1,1,0
48,2013482554,482554,1,1,1,201,3280,2,11,2013,7,22,22,5,AIRLINE DR,,29.91398889,-95.4046,8,0,1,1,0,1,3,1,1,0
48,2013482555,482555,5,0,7,277,0,2,11,2013,7,15,8,8,FM197,,33.86601389,-95.5798,12,2,1,1,0,1,1,1,1,0
48,2013482556,482556,2,0,2,331,2612,2,11,2013,7,12,50,2,US-79,FM2095,30.78423056,-96.7226,12,6,2,3,0,1,1,1,1,0
48,2013482557,482557,1,0,1,347,0,2,11,2013,7,20,22,2,US-59,,31.75776667,-94.5769,1,0,1,1,0,4,2,1,1,0
48,2013482558,482558,1,0,1,375,150,2,11,2013,7,3,41,5,NE 16TH ST,MARTIN RD,35.22931389,-101.811,59,0,3,2,0,4,2,1,1,0
48,2013482559,482559,2,0,3,495,0,2,11,2013,7,21,45,3,SR-18,,31.76508056,-103.056,12,6,1,1,0,1,2,1,2,0
48,2013482560,482560,1,1,1,113,1730,3,11,2013,1,17,8,8,SL12 WALTON WALKER BLVD,,32.86311667,-96.9008,8,0,1,1,0,1,3,1,1,0
48,2013482561,482561,1,0,1,339,1510,3,11,2013,1,15,20,7,I-45,,30.27598889,-95.4564,33,0,5,1,0,10,1,1,1,0
48,2013482562,482562,2,0,3,467,1140,3,11,2013,1,1,27,1,I-20,,32.59962222,-95.9253,12,1,1,1,0,1,2,1,1,0
48,2013482563,482563,2,0,2,139,0,4,11,2013,2,0,34,1,I-35,,32.28585,-96.8677,12,1,1,1,0,1,3,2,1,1
48,2013482564,482564,3,0,4,143,0,4,11,2013,2,10,26,2,US-281,CR-223,32.18351667,-98.1652,24,0,3,3,0,4,1,2,1,0
48,2013482565,482565,2,0,2,201,0,4,11,2013,2,16,5,4,CR-KATY HOCKLEY RD,,29.98266944,-95.8092,12,2,1,1,0,1,1,10,1,1
48,2013482566,482566,2,0,2,467,0,4,11,2013,2,11,34,4,CR-4106,,32.47626389,-95.7899,12,6,1,1,0,4,1,2,1,0
48,2013482567,482567,1,0,1,29,6090,5,11,2013,3,22,47,7,I-410,,29.51558889,-98.442,43,0,5,1,0,10,3,1,1,1
48,2013482568,482568,1,0,1,83,0,5,11,2013,3,4,53,2,US-283,,32.03940278,-99.4231,32,0,1,1,0,4,2,10,1,0
48,2013482569,482569,2,0,3,93,0,5,11,2013,3,18,46,3,SR-36,FM 1702,31.84453611,-98.3376,12,6,2,2,0,1,2,2,1,0
48,2013482570,482570,2,0,2,135,0,5,11,2013,3,1,4,2,US-385,HILLMONT RD,31.92969722,-102.4,12,1,2,2,0,1,3,1,1,1
48,2013482571,482571,1,1,3,201,0,5,11,2013,3,22,25,4,CR-SPRING CYPRESS RD,,30.02298889,-95.5704,9,0,1,1,0,1,2,10,1,0
48,2013482572,482572,3,0,4,303,4140,5,11,2013,3,16,34,5,QUAKER AVE,RALEIGH AVE,33.53578333,-101.906,12,6,2,3,0,1,1,1,1,0
48,2013482573,482573,1,0,2,365,0,5,11,2013,3,20,50,8,FM 123,,32.23201944,-94.1045,42,0,1,1,0,4,2,10,2,0
48,2013482574,482574,3,0,6,451,6080,5,11,2013,3,22,54,2,US-87/BRYANT BLVD,33RD ST,31.48872222,-100.468,12,6,2,3,0,1,3,10,1,1
48,2013482575,482575,1,1,1,123,7640,6,11,2013,4,8,55,5,7TH/SEVENTH ST,,28.98392222,-97.5125,8,0,1,1,2,1,1,1,1,0
48,2013482576,482576,1,0,1,197,0,6,11,2013,4,8,15,2,US-287,,34.26835833,-99.6462,42,0,1,1,0,4,1,1,1,0
48,2013482577,482577,1,0,1,499,0,6,11,2013,4,11,15,8,FM 14,,32.6144,-95.2081,42,0,1,1,0,4,1,2,1,0
48,2013482578,482578,2,0,3,113,387,7,11,2013,5,19,40,1,I-20 RAMP,,32.70066667,-96.6259,12,6,20,1,0,1,3,1,2,0
48,2013482579,482579,1,0,2,113,1730,7,11,2013,5,1,49,5,FRANKFORD RD,,32.99748611,-96.7635,57,0,1,1,0,4,3,1,1,0
48,2013482580,482580,1,0,2,201,3280,7,11,2013,5,21,15,5,IRVINGTON BLVD,,29.81901944,-95.3612,30,0,1,1,0,3,3,10,2,1
48,2013482581,482581,1,0,1,439,2990,7,11,2013,5,18,38,1,I-820,,32.83931944,-97.2674,26,0,1,1,1,4,2,1,1,0
48,2013482582,482582,2,0,3,23,0,8,11,2013,6,15,15,2,US-82/277,,33.68637778,-99.0389,12,2,1,1,0,1,1,1,3,0
48,2013482583,482583,1,1,2,113,1730,8,11,2013,6,17,30,2,US-175,,32.76311667,-96.7728,8,0,1,1,0,1,5,1,1,0
48,2013482584,482584,1,0,3,113,1730,8,11,2013,6,4,54,1,I-35 N STEMMONS FWY,,32.80754167,-96.8428,42,0,1,1,0,4,3,1,1,1
48,2013482585,482585,1,0,1,113,3420,8,11,2013,6,14,35,8,SP482 STOREY LN,,32.837425,-96.9068,21,0,19,1,0,3,1,1,1,0
48,2013482586,482586,2,0,4,175,0,8,11,2013,6,14,43,2,US-59,,28.52509444,-97.6036,12,2,1,1,0,1,1,1,2,0
48,2013482587,482587,1,0,1,325,0,8,11,2013,6,9,0,8,FM471,,29.52220278,-98.8143,1,0,1,1,0,4,1,1,1,0
48,2013482588,482588,1,0,1,395,3070,8,11,2013,6,0,26,2,US-79/190,,30.86841389,-96.6033,34,0,1,1,0,4,2,1,1,1
48,2013482589,482589,1,1,1,61,940,9,11,2013,7,11,17,5,E 10TH ST,E ELIZABETH ST,25.90240278,-97.4996,8,0,3,2,0,1,1,1,1,0
48,2013482590,482590,1,0,2,193,0,9,11,2013,7,13,13,2,US-281,,31.55675,-98.1594,35,0,1,1,0,4,1,10,2,0
48,2013482591,482591,1,0,1,451,6080,9,11,2013,7,22,1,2,US-67 W HOUSTON HARTE,,31.45215,-100.484,1,0,1,1,0,4,3,1,1,1
48,2013482592,482592,1,0,2,229,1805,10,11,2013,1,15,5,4,CR-LUTRIC RD,,31.89284444,-105.165,1,0,1,1,0,4,1,1,1,1
48,2013482593,482593,1,1,2,381,150,10,11,2013,1,0,10,7,I-27,SW 45TH AVE,35.16385556,-101.871,8,0,3,2,0,1,3,1,1,0
48,2013482594,482594,2,0,3,391,0,10,11,2013,1,18,18,3,SR-35,,28.39543333,-96.9072,12,2,1,1,0,1,2,1,1,0
48,2013482595,482595,1,0,2,409,240,10,11,2013,1,18,40,5,W MATLOCK AVE,,27.91366944,-97.1517,42,0,1,1,0,4,3,1,1,1