STATE,YEAR_ST_CASE,ST_CASE,VE_TOTAL,PEDS,PERSONS,COUNTY,CITY,DAY,MONTH,YEAR,DAY_WEEK,HOUR,MINUTE,ROUTE,TWAY_ID,TWAY_ID2,LATITUDE,LONGITUD,HARM_EV,MAN_COLL,RELJCT2,TYP_INT,WRK_ZONE,REL_ROAD,LGT_COND,WEATHER,FATALS,DRUNK_DR
48,2013482940,482940,1,0,1,201,3280,24,12,2013,3,1,3,5,HEMPSTEAD RD,,29.80695278,-95.4672,33,0,1,1,0,4,6,10,1,1
48,2013482941,482941,1,1,1,201,3280,24,12,2013,3,18,27,8,SS261 N SHEPHERD DR,,29.83109167,-95.4107,8,0,1,1,0,1,3,1,1,0
48,2013482942,482942,1,0,1,225,0,24,12,2013,3,10,15,3,SR-19,,31.27756389,-95.4686,32,0,1,1,0,4,1,1,1,0
48,2013482943,482943,1,0,1,241,0,24,12,2013,3,5,55,8,FM1005,,30.81045278,-93.9786,1,0,1,1,0,4,2,1,1,0
48,2013482944,482944,1,0,1,29,6090,25,12,2013,4,11,15,1,I-35,,29.53508056,-98.3873,25,0,1,1,0,3,1,1,1,0
48,2013482945,482945,2,0,3,249,0,25,12,2013,4,15,12,2,US-281,CR-116,27.76865833,-98.1045,12,6,2,2,0,1,1,1,2,0
48,2013482946,482946,1,0,2,29,6090,26,12,2013,5,14,32,5,SWEET MAIDEN,,29.34302778,-98.6026,5,0,1,1,0,1,1,10,1,0
48,2013482947,482947,1,0,1,361,5100,27,12,2013,6,23,40,1,I-10,,30.11266667,-93.8089,52,0,5,1,0,8,3,1,1,0
48,2013482948,482948,1,1,1,439,260,27,12,2013,6,18,46,5,SUBLETT RD,,32.64477778,-97.1109,8,0,1,1,0,1,3,1,1,0
48,2013482949,482949,1,0,1,29,6090,28,12,2013,7,7,51,1,I-410,,29.32208611,-98.4865,1,0,1,1,0,4,1,1,1,0
48,2013482950,482950,1,1,6,215,4197,16,11,2013,7,17,59,3,SR-336 N 10TH ST,DATEPALM AVE,26.20705278,-98.2294,8,0,1,1,0,1,5,1,1,0
48,2013482951,482951,4,0,4,389,0,7,12,2013,7,9,30,1,I-10,,31.07647222,-104.013,51,0,1,1,0,1,1,5,2,0
48,2013482952,482952,1,0,2,201,0,8,12,2013,1,5,45,8,FM1960,,29.99899722,-95.2072,32,0,1,1,0,4,2,10,2,0
48,2013482953,482953,1,0,1,217,3210,9,12,2013,2,1,35,1,I-35,,31.96796389,-97.119,21,0,19,1,0,4,3,5,1,0
48,2013482954,482954,5,0,8,291,3980,9,12,2013,2,15,50,2,US-90,SR-146,30.057975,-94.7715,12,6,2,3,0,1,1,2,1,0
48,2013482955,482955,1,0,1,61,0,10,12,2013,3,7,42,4,CR-HUDSON RD,,26.09219167,-97.6488,1,0,1,1,0,4,2,2,1,0
48,2013482956,482956,2,1,3,201,0,10,12,2013,3,20,45,3,SR-6,,29.84889444,-95.6458,8,0,1,1,0,1,3,1,1,0
48,2013482957,482957,1,0,1,221,0,11,12,2013,4,17,29,4,CR-OAK TRAIL DR,,32.48271944,-97.8192,1,0,1,1,0,1,1,1,1,1
48,2013482958,482958,1,0,1,181,6350,12,12,2013,5,6,55,2,US-75 SAM RAYBURN FWY,,33.68015278,-96.6077,24,0,1,1,0,4,3,1,1,0
48,2013482959,482959,1,0,3,209,0,13,12,2013,6,22,16,8,RM12,,30.09823611,-98.0962,30,0,1,1,0,4,2,5,1,0
48,2013482960,482960,2,0,2,375,0,13,12,2013,6,23,30,8,BI40D,INDIAN HILL RD,35.19119444,-101.964,12,6,2,3,0,1,2,1,1,1
48,2013482961,482961,2,0,3,201,5230,15,12,2013,1,1,14,5,FAIRMONT PKWY,NATIONS DR,29.64965556,-95.1485,12,6,2,2,0,1,3,1,1,1
48,2013482962,482962,2,0,3,485,7490,15,12,2013,1,19,50,3,SR-240,,33.93069444,-98.5006,12,2,1,1,0,1,2,1,1,0
48,2013482963,482963,1,1,1,181,1830,16,12,2013,2,23,15,7,US-75,,33.73406667,-96.5848,8,0,1,1,0,1,2,1,1,0
48,2013482964,482964,1,1,1,491,5990,17,12,2013,3,6,45,7,I-35,,30.54745,-97.6929,9,0,1,1,0,1,2,1,1,0
48,2013482965,482965,1,0,3,201,3280,18,12,2013,4,20,7,5,ANTOINE DR,,29.80865833,-95.4751,38,0,1,1,0,4,1,1,1,0
48,2013482966,482966,2,0,3,215,7330,18,12,2013,4,19,0,8,FM1015,,26.156875,-97.9584,12,6,8,1,0,1,2,10,1,0
48,2013482967,482967,2,0,2,473,0,19,12,2013,5,0,33,2,US-290,,30.11883056,-96.0951,12,1,1,1,0,1,2,1,1,0
48,2013482968,482968,2,0,2,67,0,20,12,2013,6,3,3,3,SR-155,,32.95861667,-94.4581,12,8,1,1,0,1,2,10,1,0
48,2013482969,482969,1,1,1,201,3280,20,12,2013,6,19,0,5,NORMANDY,,29.77210833,-95.2063,9,0,1,1,0,1,3,10,1,0
48,2013482970,482970,2,0,2,11,0,21,12,2013,7,10,55,2,US-287,,35.03246111,-101.138,12,6,1,1,0,1,1,4,1,0
48,2013482971,482971,2,0,6,27,6810,21,12,2013,7,23,39,8,FM 2305 ADAMS AVE,,31.11918333,-97.4357,12,2,8,1,0,1,3,1,1,1
48,2013482972,482972,1,0,1,453,0,21,12,2013,7,5,44,3,SR-130,,30.36406111,-97.585,21,0,1,1,0,3,2,2,1,1
48,2013482973,482973,1,1,2,497,0,21,12,2013,7,22,44,4,CR-4699,,33.04866944,-97.6513,8,0,1,1,0,1,2,5,1,0
48,2013482974,482974,1,0,2,407,0,22,12,2013,1,1,21,8,FM-2025,,30.39374722,-95.1033,24,0,1,1,0,4,2,1,1,1
48,2013482975,482975,1,0,2,77,0,23,12,2013,2,16,43,8,FM 172,,33.67766389,-98.3611,38,0,1,1,0,4,1,1,1,1
48,2013482976,482976,1,1,1,203,0,23,12,2013,2,20,10,1,I-20,,32.48493056,-94.5058,8,0,1,1,0,1,2,1,1,0
48,2013482977,482977,1,1,1,201,3280,24,12,2013,3,22,20,1,I-45,,29.66880556,-95.2623,8,0,18,1,0,1,3,10,1,0
48,2013482978,482978,1,1,1,201,3280,24,12,2013,3,20,0,5,ALMEDA GENOA RD,,29.62090833,-95.3239,8,0,1,1,0,3,2,1,1,0
48,2013482979,482979,1,1,1,5,4160,25,12,2013,4,22,25,8,CHESTNUT DR,,31.32244722,-94.7137,9,0,1,1,0,1,2,1,1,0
48,2013482981,482981,1,2,1,29,6090,26,12,2013,5,20,41,5,CULEBRA RD,,29.44705833,-98.5445,8,0,1,1,0,1,2,2,1,0
48,2013482982,482982,2,0,2,227,0,26,12,2013,5,14,15,8,FM 669,X AVENUE,32.29765,-101.466,12,6,2,3,0,1,1,1,1,0
48,2013482983,482983,1,0,1,265,0,26,12,2013,5,21,12,1,I-10,,30.01221944,-98.9557,42,0,1,1,0,4,2,1,1,0
48,2013482984,482984,2,0,3,5,0,27,12,2013,6,17,40,3,SR-103,,31.39346944,-94.9074,12,2,1,1,0,1,5,1,2,2
48,2013482985,482985,2,0,5,205,0,27,12,2013,6,9,54,2,US-385,,35.63655,-102.316,12,2,1,1,0,1,1,1,1,0
48,2013482986,482986,2,0,2,423,0,27,12,2013,6,12,15,4,CR-21 REDBIRD RD,CR-26 JAMESTOWN RD,32.35539444,-95.1114,12,6,2,2,0,1,1,1,1,0
48,2013482987,482987,3,0,8,453,330,27,12,2013,6,23,16,8,FM 620,,30.40447222,-97.8536,12,1,1,1,0,1,2,1,2,1
48,2013482988,482988,3,0,5,27,6810,28,12,2013,7,14,55,5,H AVE,MLK DR,31.08759167,-97.3403,12,6,2,2,0,1,1,1,2,1
48,2013482989,482989,1,0,1,29,0,29,12,2013,1,23,2,4,CR-TALLEY RD,,29.45363056,-98.7552,42,0,1,1,0,4,3,10,1,1
48,2013482990,482990,1,0,1,29,6090,29,12,2013,1,6,17,7,I-35,,29.45413611,-98.4141,35,0,19,1,0,8,3,5,1,0
48,2013482992,482992,2,0,2,143,0,30,12,2013,2,6,40,2,US-67,CR-378,32.18126111,-98.2687,12,1,3,2,0,1,2,1,1,0
48,2013482993,482993,1,0,1,399,0,30,12,2013,2,21,30,8,SL 438,,31.95688333,-99.9976,52,0,1,1,0,4,2,1,1,1
48,2013482994,482994,2,0,7,61,3030,31,12,2013,3,13,21,8,FM 509,HAINE DR,26.16656667,-97.6525,12,6,2,2,0,1,1,2,3,0
48,2013482995,482995,2,0,3,185,9997,31,12,2013,3,10,52,3,SR-30,FM 244,30.59460556,-96.0781,12,6,2,2,0,1,1,1,1,0
48,2013482996,482996,1,0,1,259,740,28,9,2013,7,2,0,5,ADLER,,29.80465,-98.7267,42,0,1,1,0,4,2,10,1,0
48,2013482997,482997,1,1,1,201,0,12,11,2013,3,5,15,1,I-45,,29.989475,-95.4242,8,0,1,1,0,1,3,1,1,0
48,2013482998,482998,1,0,1,453,330,24,11,2013,1,2,26,5,OLD BEE CAVES RD,,30.24930833,-97.8865,42,0,1,1,0,4,6,10,1,0
48,2013482999,482999,1,1,2,453,330,27,11,2013,4,21,58,8,FM 969,,30.28484444,-97.6605,8,0,1,1,0,1,2,1,1,0
48,2013483000,483000,2,0,2,245,5470,3,12,2013,3,19,33,8,FM 366,4TH ST,29.98685556,-93.9725,12,6,2,2,0,1,3,5,1,0
48,2013483001,483001,2,0,2,259,740,4,12,2013,4,12,8,1,I-10,,29.81489722,-98.7542,54,11,18,1,0,1,1,10,1,0
48,2013483002,483002,1,0,2,479,3899,7,12,2013,7,2,39,5,CUATRO VIENTOS RD,,27.49219444,-99.4439,25,0,1,1,0,3,3,1,1,1
48,2013483003,483003,1,1,1,215,50,14,12,2013,7,6,8,8,FM 907,,26.15398056,-98.1283,8,0,1,1,0,1,3,1,1,0
48,2013483004,483004,1,0,1,487,0,16,12,2013,2,9,20,5,CR-111N,,34.15945278,-99.1847,1,0,1,1,0,4,1,1,1,1
48,2013483005,483005,2,0,2,141,2190,19,12,2013,5,18,21,5,LEE TREVINO,YERMOLAND AVE,31.73352222,-106.327,12,6,2,3,0,1,3,1,1,0
48,2013483006,483006,1,1,1,113,1730,20,12,2013,6,19,22,1,I-20,,32.67894444,-96.6771,8,0,1,1,0,1,2,10,1,0
48,2013483007,483007,1,1,2,113,1730,20,12,2013,6,20,0,5,COLORADO BLVD,,32.75855833,-96.8189,8,0,1,1,0,1,3,10,1,0
48,2013483008,483008,2,0,2,3,0,21,12,2013,7,15,0,3,SR-115,,32.15428889,-102.813,12,2,1,1,0,1,1,1,1,1
48,2013483009,483009,1,0,2,113,1730,21,12,2013,7,4,40,1,I-35,,32.68858611,-96.8232,20,0,1,1,0,10,3,10,1,1
48,2013483010,483010,1,0,3,113,1730,21,12,2013,7,10,36,2,US-175,,32.72346944,-96.699,24,0,1,1,0,4,1,2,1,0
48,2013483011,483011,1,0,1,427,0,21,12,2013,7,23,0,8,FM649,,26.769925,-98.8433,1,0,1,1,0,4,2,1,1,0
48,2013483012,483012,1,1,5,479,3899,21,12,2013,7,14,19,7,I-35,,27.51823611,-99.5034,8,0,1,1,0,1,1,1,1,0
48,2013483013,483013,1,0,1,163,0,22,12,2013,1,20,34,4,CR-1000,,28.91172778,-99.1021,42,0,1,1,0,4,2,1,1,0
48,2013483014,483014,3,0,6,163,0,23,12,2013,2,13,50,1,I-35,,28.93228333,-99.0951,12,6,1,1,0,1,1,1,1,0
48,2013483015,483015,1,1,1,273,0,23,12,2013,2,1,8,2,US-77,,27.32603056,-97.8229,8,0,1,1,0,1,2,1,1,0
48,2013483016,483016,2,0,2,201,3280,25,12,2013,4,12,35,7,US-59,SAM HOUSTON PKWY,29.66089444,-95.5572,12,6,2,2,0,1,1,1,1,0
48,2013483017,483017,2,0,8,57,0,26,12,2013,5,16,23,2,US-87,FM2433,28.61540556,-96.7075,12,6,2,3,0,1,1,1,2,0
48,2013483018,483018,1,0,1,215,2110,26,12,2013,5,14,10,7,US-281 N 25TH AVE,,26.35368056,-98.147,40,0,1,1,0,4,1,2,1,0
48,2013483019,483019,2,0,2,395,0,26,12,2013,5,6,50,2,US-190/SR-6,HEATH LN,30.78831944,-96.4985,12,6,2,3,0,1,4,1,1,0
48,2013483020,483020,1,1,2,113,1730,27,12,2013,6,16,35,1,I-30,,32.79638056,-96.6898,8,0,1,1,0,1,2,1,1,0
48,2013483021,483021,1,0,1,215,5291,27,12,2013,6,7,50,5,TOM GILL RD,,26.28795,-98.4384,52,0,1,1,0,4,1,2,1,1
48,2013483022,483022,2,0,2,437,0,27,12,2013,6,7,10,1,I-37,,34.61056111,-101.809,12,1,1,1,0,1,2,1,1,1
48,2013483023,483023,1,0,1,113,1730,28,12,2013,7,16,53,1,I-35 STEMMONS FWY,,32.91150833,-96.8978,1,0,18,1,1,1,1,1,1,0
48,2013483024,483024,1,0,1,149,0,29,12,2013,1,20,10,3,SR-71,,29.88726111,-96.761,1,0,1,1,0,4,2,1,1,0
48,2013483025,483025,2,0,2,167,0,29,12,2013,1,19,12,1,I-45 GULF FWY,,29.32464167,-94.9258,12,1,1,1,0,1,2,10,1,0
48,2013483026,483026,1,0,1,309,0,29,12,2013,1,6,15,3,SR-6,,31.54265278,-97.0552,35,0,1,1,0,4,2,1,1,0
48,2013483027,483027,2,0,2,321,0,29,12,2013,1,4,45,8,FM521,,28.96093611,-95.6961,12,2,1,1,0,1,2,1,1,0
48,2013483028,483028,2,0,6,367,0,29,12,2013,1,17,22,8,FM1885,,32.8309,-97.8645,12,2,1,1,0,1,1,3,2,0
48,2013483029,483029,2,0,6,441,0,29,12,2013,1,14,30,2,US-277,,32.34356667,-99.8837,12,2,1,1,0,1,1,3,1,0
48,2013483030,483030,1,0,1,113,1730,30,12,2013,2,1,33,1,I-30 RAMP,,32.77871944,-96.7835,42,0,5,1,0,4,3,1,1,0
48,2013483031,483031,1,1,1,167,1920,30,12,2013,2,4,58,8,FM517 41ST,,29.44163056,-95.0932,9,0,1,1,0,1,2,1,1,0
48,2013483032,483032,1,0,1,231,0,30,12,2013,2,9,40,2,US-69,,33.23711389,-96.1673,53,0,1,1,0,4,1,1,1,0
48,2013483033,483033,1,0,1,113,1539,31,12,2013,3,6,5,1,I-635,,32.94191389,-97.0146,23,0,1,1,0,3,2,1,1,0
48,2013483034,483034,1,0,1,145,0,31,12,2013,3,5,20,8,BS6N,,31.282675,-96.887,11,0,1,1,0,1,2,1,1,0
48,2013483035,483035,1,0,1,321,0,31,12,2013,3,22,11,3,SR-60,,28.89496389,-95.9548,42,0,1,1,0,4,2,10,1,1
48,2013483036,483036,1,0,1,487,0,31,12,2013,3,1,5,2,US-283,,34.19434167,-99.2764,1,0,1,1,0,1,2,1,1,0
48,2013483037,483037,2,0,5,491,0,31,12,2013,3,6,14,8,FM973,,30.50911389,-97.4538,12,2,1,1,0,1,2,1,2,1
48,2013483038,483038,3,0,5,427,5780,15,9,2013,1,11,46,2,US-83,S KCTM RD,26.34608333,-98.7528,12,2,1,1,0,1,1,10,1,0
48,2013483039,483039,1,0,2,43,0,12,12,2013,5,16,48,2,US-118,,29.88523333,-103.581,1,0,1,1,0,1,1,1,1,0
48,2013483040,483040,3,0,10,453,5325,14,12,2013,7,15,39,7,SR-45,N HEATHERWIDE BLVD,30.48296111,-97.6141,12,6,2,2,0,1,1,1,2,0
48,2013483041,483041,1,1,2,201,0,15,12,2013,1,19,57,8,FM1960 CYPRESS CREEK PKWY,,30.01285556,-95.4531,8,0,1,1,0,1,3,1,1,0
48,2013483042,483042,1,1,1,201,0,16,12,2013,2,18,19,4,CR-ELLA BLVD,,30.00330278,-95.4426,8,0,1,1,0,1,2,1,1,0
48,2013483043,483043,1,1,1,441,4500,21,12,2013,7,2,6,1,I-20,,32.47715833,-100.008,8,0,1,1,0,2,2,2,1,0
48,2013483044,483044,1,0,23,427,0,25,12,2013,4,21,6,8,FM490,,26.51376111,-98.5411,1,0,1,1,1,4,2,2,1,1
48,2013483045,483045,2,0,3,329,0,28,12,2013,7,11,8,1,I-20,,31.93779167,-102.165,57,0,1,1,0,3,1,1,1,0
48,2013483046,483046,2,0,6,397,0,7,6,2013,6,14,52,8,FM548,HODGES LN,32.89582222,-96.3397,1,0,1,1,0,4,1,1,1,1
48,2013483047,483047,2,0,2,27,6810,12,10,2013,7,16,34,3,SR-317,,31.13765,-97.4371,12,6,8,1,0,1,1,1,1,0
48,2013483048,483048,3,0,4,113,1730,24,12,2013,3,6,45,8,SL12,,32.85839444,-96.8783,24,0,1,1,0,3,4,1,1,0
48,2013483049,483049,1,0,2,465,0,19,12,2013,5,4,52,2,US-277,,30.06248611,-100.727,1,0,1,1,0,4,2,1,2,1
48,2013483050,483050,1,0,2,97,2550,17,6,2013,2,23,56,5,RICE AVE,,33.60817778,-97.139,33,0,1,1,0,4,3,1,1,1
48,2013483051,483051,2,0,2,209,0,19,11,2013,3,4,56,4,CR-122 BEBEE RD,,30.01931944,-97.8458,12,6,1,1,0,1,2,1,1,0
48,2013483052,483052,2,0,5,359,0,21,12,2013,7,11,22,8,RM1061,,35.47543056,-102.172,12,6,1,1,0,1,1,4,1,0
48,2013483053,483053,2,0,2,181,1830,30,12,2013,2,18,41,8,FM120,,33.76193889,-96.5866,12,6,8,1,0,1,3,1,1,0
48,2013483054,483054,1,0,1,203,0,13,10,2013,1,17,45,3,SR-43,,32.41871667,-94.4385,42,0,1,1,0,4,1,10,1,0
48,2013483055,483055,2,0,3,183,3680,3,12,2013,3,15,13,3,SR-135,FM2207 GOFORTH RD,32.40958333,-94.9055,12,6,2,2,0,1,1,1,1,0
48,2013483056,483056,3,1,4,201,0,24,12,2013,3,22,31,3,SR-249 TOMBALL PKWY,,29.92443611,-95.4999,8,0,1,1,0,1,3,1,1,0
48,2013483057,483057,3,0,6,141,2190,18,6,2013,3,22,45,8,FM76 NORTH LOOP DR,PENDALE RD,31.71644444,-106.327,12,6,2,2,0,1,3,1,1,1
48,2013483058,483058,4,0,7,141,2190,13,10,2013,1,1,36,1,I-10,,31.77499167,-106.385,12,2,1,1,0,1,3,1,2,2
48,2013483059,483059,1,0,1,217,0,7,11,2013,5,21,38,3,SR-174,,32.17821667,-97.3855,11,0,1,1,0,1,2,1,1,0
48,2013483060,483060,1,0,1,141,9997,12,11,2013,3,19,42,8,FM 258 SOCORRO RD,GLORIETTA RD,31.60619722,-106.278,33,0,3,4,0,4,3,1,1,0
48,2013483061,483061,2,0,2,141,2190,14,11,2013,5,2,22,1,I-10,,31.72323333,-106.308,12,2,1,1,0,1,3,1,1,1
48,2013483062,483062,2,0,3,141,2190,16,11,2013,7,2,18,7,I-10,FM2316 MCRAE BLVD,31.75921944,-106.355,12,6,2,2,0,1,3,1,1,0
48,2013483063,483063,2,1,6,437,0,21,12,2013,7,18,1,1,I-27,,34.57443611,-101.794,23,0,19,1,0,4,2,98,1,1
48,2013483064,483064,2,0,5,141,2190,2,12,2013,2,13,5,7,US-54 GATEWAY SOUTH,,31.88746389,-106.442,12,1,1,1,0,1,1,1,1,0
48,2013483065,483065,1,0,2,141,2190,18,11,2013,2,1,25,1,I-10,,31.76489444,-106.485,24,0,1,1,0,8,3,1,1,0
48,2013483066,483066,1,0,1,329,0,23,12,2013,2,18,10,8,FM1379,,31.87334722,-101.811,35,0,1,1,0,4,1,1,1,1
48,2013483067,483067,1,0,2,141,2433,30,12,2013,2,0,7,8,SS601,,31.82790833,-106.367,33,0,1,1,0,4,3,1,1,0
48,2013483068,483068,2,0,3,479,3899,14,4,2013,1,3,51,5,DEL MAR BLVD,COUNTRY CLUB DR,27.57725556,-99.4649,12,6,2,2,0,1,3,1,1,2
48,2013483069,483069,2,0,1,141,2190,8,10,2013,3,9,2,5,MONTOYA DR,,31.86361389,-106.596,39,0,1,1,0,4,1,1,1,0
48,2013483070,483070,1,0,2,389,5280,23,11,2013,7,17,15,1,I-20,,31.39819167,-103.514,24,0,1,1,0,3,1,3,1,0
48,2013483071,483071,2,0,2,157,0,22,6,2013,7,18,20,7,SR-99,CR-AIRPORT BLVD,29.77200278,-95.7767,12,6,2,2,0,1,1,1,1,0
48,2013483072,483072,1,1,1,29,6090,7,11,2013,5,18,36,5,VANCE JACKSON,GARDINA,29.48010556,-98.5349,8,0,3,2,0,1,3,1,1,0
48,2013483073,483073,1,1,0,453,330,29,11,2013,6,9,44,5,LUCAS DR,BEVERLY HILLS DR,30.33718056,-97.7666,8,0,2,10,0,1,1,1,1,0
48,2013483074,483074,1,1,1,479,3899,1,11,2013,6,10,16,5,SAN AGUSTIN AVE,FARRAGUT ST,27.50567222,-99.5056,15,0,3,2,0,1,1,1,1,0
48,2013483075,483075,2,0,13,135,5030,21,12,2013,7,0,22,8,SL338,UNIVERSITY BLVD,31.88343889,-102.313,12,6,2,2,0,1,2,2,1,1
48,2013483076,483076,1,0,1,61,6110,27,12,2013,6,5,41,8,FM510 SAN JOSE RD,,26.13527222,-97.5972,24,0,1,1,0,4,2,2,1,0
48,2013483078,483078,3,0,3,251,1370,16,8,2013,6,14,20,3,SR-171 WEATHERFORD HWY,CR-1010,32.41473611,-97.4526,12,1,3,3,0,1,1,1,1,0
48,2013483079,483079,2,0,3,355,1550,16,11,2013,7,1,27,7,SR-358 PADRE ISLAND DR,,27.71977778,-97.3942,12,6,8,1,0,1,3,10,1,0
48,2013483080,483080,2,0,3,375,150,11,12,2013,4,2,37,1,I-40,,35.18689722,-101.928,12,1,1,1,0,1,3,1,1,0
48,2013483081,483081,2,0,5,85,4230,26,6,2013,4,13,4,3,SR-5 MCDONALD ST,SS399 RAMP,33.167625,-96.6285,12,6,2,2,0,1,1,1,1,0
48,2013483082,483082,1,0,1,29,3705,24,3,2013,1,5,0,8,FM78,,29.4571,-98.4082,42,0,1,1,0,4,2,1,1,0
48,2013483083,483083,4,0,6,113,4530,3,12,2013,3,9,9,1,I-635 LBJ FWY,,32.84339167,-96.6343,12,1,1,1,0,1,1,1,1,0
48,2013483084,483084,5,0,7,303,4140,29,4,2013,2,19,43,3,SR-114 19TH ST,QUAKER AVE,33.57778333,-101.905,12,6,2,2,0,1,1,1,1,1
48,2013483085,483085,3,0,3,201,0,11,12,2013,4,10,30,7,SR-249 TOMBALL PKWY,,30.09940556,-95.6372,14,0,1,1,1,4,1,1,1,0
48,2013483086,483086,2,0,2,31,3530,12,10,2013,7,10,35,2,US-281,VICTORY,30.28152222,-98.406,12,1,3,3,0,1,1,10,1,0
48,2013483087,483087,3,0,3,113,1730,11,12,2013,4,21,20,5,MOCKINGBIRD LN,WILLIAMSON RD,32.83913333,-96.7453,12,6,2,3,0,1,3,1,1,0
48,2013483088,483088,1,0,1,167,6860,15,6,2013,7,23,42,5,13TH AVE,,29.39723611,-94.918,42,0,1,1,0,4,3,1,1,0
48,2013483089,483089,1,1,1,209,0,27,4,2013,7,22,0,8,FM1626,,30.02886111,-97.8728,8,0,1,1,0,2,2,2,1,0
48,2013483090,483090,1,0,1,29,60,8,6,2013,7,10,7,5,BROADWAY,,29.49354444,-98.4666,43,0,1,1,0,4,1,1,1,0
48,2013483091,483091,1,1,1,39,3537,22,8,2013,5,10,45,3,SR-36,,28.97985278,-95.4752,8,0,1,1,1,1,1,10,1,0
48,2013483092,483092,2,0,3,41,1440,14,10,2013,2,17,22,8,BS6R TEXAS AVE,SOUTHWEST PKWY,30.60732222,-96.3091,12,6,2,2,0,1,1,1,1,0
48,2013483093,483093,1,1,1,439,2450,2,11,2013,7,1,15,3,SR-183 ALTA MERE DR,,32.72740556,-97.441,8,0,1,1,0,1,3,1,1,0
48,2013483094,483094,1,0,1,309,0,25,12,2013,4,14,15,8,FM1860 LAKE CREEK RD,,31.48980556,-96.8868,1,0,1,1,0,1,1,1,1,0
48,2013483095,483095,2,0,2,507,0,29,10,2013,3,6,10,8,FM 1867,,28.66122222,-99.5693,12,1,8,1,0,1,2,10,1,0
48,2013483096,483096,1,0,1,439,0,11,11,2013,2,13,56,2,US-377 BENBROOK HWY,,32.61639444,-97.5368,1,0,1,1,0,4,1,1,1,1
48,2013483097,483097,2,0,2,201,0,25,6,2013,3,1,55,7,I-10 KATY FWY,SR-99 GRAND PKWY,29.78588333,-95.7766,12,1,3,2,1,1,3,1,1,1
48,2013483098,483098,1,0,1,309,7210,29,8,2013,5,13,26,3,SR-6/SL340,,31.50175,-97.1735,43,0,1,1,0,4,1,1,1,0
48,2013483099,483099,1,1,1,309,0,8,10,2013,3,20,28,3,SR-164,,31.53634444,-96.8478,8,0,1,1,0,1,2,1,1,0
48,2013483100,483100,1,1,1,479,3899,15,12,2013,1,18,30,8,SS400 CLARK BLVD,,27.51688611,-99.4519,8,0,1,1,0,1,3,1,1,0
48,2013483101,483101,1,0,2,113,1730,6,4,2013,7,15,3,8,SP366 WOODDALL RODGERS FWY,,32.78626111,-96.8055,25,0,1,1,0,3,1,1,1,0
48,2013483102,483102,1,1,2,141,2190,14,4,2013,1,21,42,5,TRAWOOD DR,DEAN MARTIN RD,31.76555,-106.299,8,0,2,3,0,1,2,1,1,0
48,2013483103,483103,1,0,2,113,1730,26,5,2013,1,7,35,1,I-30 R L THORTON FWY,,32.79373333,-96.7016,30,0,1,1,0,4,1,10,1,0
48,2013483104,483104,2,0,2,439,2450,18,7,2013,5,20,34,5,SYLVANIA AVE,,32.77881667,-97.3087,12,6,8,1,0,1,3,1,1,0
48,2013483105,483105,1,0,1,113,1730,8,9,2013,1,4,33,2,US-175 C F HAWN FWY,,32.68187222,-96.6145,26,0,1,1,0,3,3,1,1,1
48,2013483106,483106,2,0,2,39,5249,17,9,2013,3,6,27,8,FM518 BROADWAY,GARDEN RD,29.55941667,-95.3206,12,6,2,2,0,1,3,10,1,0
48,2013483107,483107,1,0,15,47,2290,23,11,2013,7,20,47,2,US-281,VILLARREAL ST,27.21536667,-98.1425,33,0,3,3,1,4,3,98,5,0
48,2013483108,483108,2,0,5,201,0,13,7,2013,7,16,5,4,CR-WEST RD,,29.90996944,-95.583,12,6,8,1,0,1,1,1,1,0
48,2013483109,483109,1,1,1,479,3899,30,12,2013,2,20,31,2,US-59 LAFAYETTE ST,,27.53076667,-99.5006,8,0,1,1,0,1,3,10,1,0